Name,Kingdom,Phylum,Class,Order,Family,Genus,Species
Otu000001,Eukaryota,NA,NA,NA,NA,NA,NA
Otu000002,Eukaryota,NA,NA,NA,NA,NA,NA
Otu000003,Eukaryota,Incertae_Sedis,NA,NA,NA,NA,NA
Otu000004,Eukaryota,Ochrophyta,Chrysophyceae,Ochromonadales,Ochromonadales_fa,Paraphysomonas,NA
Otu000005,Eukaryota,Ascomycota,Dothideomycetes,Capnodiales,Cladosporiaceae,Cladosporium,NA
Otu000006,Eukaryota,Ciliophora,Intramacronucleata,Spirotrichea,Euplotia,Aspidisca,NA
Otu000007,Eukaryota,Basidiomycota,Malasseziomycetes,Malasseziales,Malasseziaceae,Malassezia,NA
Otu000008,Eukaryota,Ciliophora,Intramacronucleata,Conthreep,Oligohymenophorea,Pseudocohnilembus,NA
Otu000009,Eukaryota,Ciliophora,Intramacronucleata,Conthreep,Oligohymenophorea,Cyclidium,NA
Otu000010,Eukaryota,Ascomycota,Dothideomycetes,Pleosporales,Pleosporaceae,Alternaria,NA
Otu000011,Eukaryota,Ochrophyta,Diatomea,Bacillariophytina,Bacillariophyceae,Amphora,NA
Otu000012,Eukaryota,Basidiomycota,Microbotryomycetes,Sporidiobolales,Sporidiobolaceae,Rhodotorula,NA
Otu000013,Eukaryota,Ochrophyta,Diatomea,Bacillariophytina,Bacillariophyceae,Navicula,NA
Otu000014,Eukaryota,Ciliophora,Intramacronucleata,Spirotrichea,Choreotrichia,Pelagostrobilidium,NA
Otu000015,Eukaryota,Basidiomycota,Malasseziomycetes,Malasseziales,Malasseziaceae,Malassezia,NA
Otu000016,Eukaryota,Ciliophora,Intramacronucleata,Spirotrichea,Euplotia,Aspidisca,NA
Otu000017,Eukaryota,Ciliophora,Intramacronucleata,Spirotrichea,Choreotrichia,Pelagostrobilidium,NA
Otu000018,Eukaryota,Ochrophyta,Chrysophyceae,Ochromonadales,Ochromonadales_fa,Paraphysomonas,NA
Otu000019,Eukaryota,Ascomycota,Dothideomycetes,Capnodiales,Cladosporiaceae,Cladosporium,NA
Otu000020,Eukaryota,Basidiomycota,Microbotryomycetes,NA,NA,NA,NA
Otu000021,Eukaryota,Basidiomycota,Malasseziomycetes,Malasseziales,Malasseziaceae,Malassezia,NA
Otu000022,Eukaryota,Ascomycota,Eurotiomycetes,Eurotiales,Aspergillaceae,Aspergillus,NA
Otu000023,Eukaryota,Cercozoa,NA,NA,NA,NA,NA
Otu000024,Eukaryota,Ciliophora,Intramacronucleata,Spirotrichea,Choreotrichia,Tintinnidium,NA
Otu000025,Eukaryota,Ascomycota,Saccharomycetes,Saccharomycetales,Debaryomycetaceae,Kurtzmaniella-Candida_clade,NA
Otu000026,Eukaryota,Chlorophyta_ph,Chlorophyceae,NA,NA,NA,NA
Otu000027,Eukaryota,Bicosoecida,NA,NA,NA,NA,NA
Otu000028,Eukaryota,Arthropoda,Insecta,Thysanoptera,NA,NA,NA
Otu000029,Eukaryota,Basidiomycota,Tremellomycetes,Tremellales,Bulleribasidiaceae,Vishniacozyma,NA
Otu000030,Eukaryota,Ascomycota,Dothideomycetes,Dothideales,Aureobasidiaceae,Aureobasidium,NA
Otu000031,Eukaryota,Ascomycota,Dothideomycetes,Pleosporales,Didymellaceae,Phoma,NA
Otu000032,Eukaryota,Ciliophora,Intramacronucleata,Conthreep,Oligohymenophorea,Pseudocohnilembus,NA
Otu000033,Eukaryota,Basidiomycota,Microbotryomycetes,Sporidiobolales,Sporidiobolaceae,Sporobolomyces,NA
Otu000034,Eukaryota,Cercozoa,NA,NA,NA,NA,NA
Otu000035,Eukaryota,NA,NA,NA,NA,NA,NA
Otu000036,Eukaryota,Basidiomycota,Microbotryomycetes,Sporidiobolales,Sporidiobolaceae,Rhodosporidiobolus,NA
Otu000037,Eukaryota,Ascomycota,Saccharomycetes,Saccharomycetales,Metschnikowiaceae,Clavispora-Candida_clade,NA
Otu000038,Eukaryota,Cercozoa,Glissomonadida,NA,NA,NA,NA
Otu000039,Eukaryota,Ochrophyta,Diatomea,Bacillariophytina,Bacillariophyceae,NA,NA
Otu000040,Eukaryota,Chlorophyta_ph,Ulvophyceae,Ulotrichales,Ulotrichales_fa,Urospora,NA
Otu000041,Eukaryota,NA,NA,NA,NA,NA,NA
Otu000042,Eukaryota,NA,NA,NA,NA,NA,NA
Otu000043,Eukaryota,Ascomycota,Saccharomycetes,Saccharomycetales,Debaryomycetaceae,Debaryomyces,NA
Otu000044,Eukaryota,NA,NA,NA,NA,NA,NA
Otu000045,Eukaryota,Cercozoa,NA,NA,NA,NA,NA
Otu000046,Eukaryota,Bicosoecida,NA,NA,NA,NA,NA
Otu000047,Eukaryota,Ochrophyta,Chrysophyceae,Ochromonadales,Ochromonadales_fa,NA,NA
Otu000048,Eukaryota,Ascomycota,Saccharomycetes,Saccharomycetales,Pichiaceae,Pichia,NA
Otu000049,Eukaryota,MAST-12,MAST-12A,NA,NA,NA,NA
Otu000050,Eukaryota,Protalveolata,Perkinsidae,Perkinsidae_or,Perkinsidae_fa,Parvilucifera,NA
Otu000051,Eukaryota,NA,NA,NA,NA,NA,NA
Otu000052,Eukaryota,Ciliophora,Intramacronucleata,Conthreep,Oligohymenophorea,Vorticella,NA
Otu000053,Eukaryota,Cercozoa,Thecofilosea,Cryomonadida,Rhizaspididae,Rhogostoma,NA
Otu000054,Eukaryota,Ascomycota,Dothideomycetes,Dothideales,Dothioraceae,Delphinella,NA
Otu000055,Eukaryota,Basidiomycota,Microbotryomycetes,Sporidiobolales,Sporidiobolaceae,NA,NA
Otu000056,Eukaryota,Ciliophora,Intramacronucleata,Conthreep,Oligohymenophorea,Carchesium,NA
Otu000057,Eukaryota,Basidiomycota,Agaricomycetes,Agaricales,Tricholomataceae,NA,NA
Otu000058,Eukaryota,Phragmoplastophyta,Embryophyta,Liliopsida,Zingiberales_fa,Musa,NA
Otu000059,Eukaryota,Chytridiomycota,Incertae_Sedis,Rhizophydiales,NA,NA,NA
Otu000060,Eukaryota,Ciliophora,Intramacronucleata,Conthreep,Oligohymenophorea,Telotrochidium,NA
Otu000061,Eukaryota,Ciliophora,Intramacronucleata,Conthreep,Oligohymenophorea,Carchesium,NA
Otu000062,Eukaryota,Basidiomycota,Agaricomycetes,Corticiales,Corticiaceae,Sistotrema,NA
Otu000063,Eukaryota,Vertebrata,Actinopterygii,NA,NA,NA,NA
Otu000064,Eukaryota,Ochrophyta,Chrysophyceae,Chrysocapsales,Chrysocapsales_fa,Hydrurus,NA
Otu000065,Eukaryota,Ascomycota,Dothideomycetes,Pleosporales,NA,NA,NA
Otu000066,Eukaryota,Phragmoplastophyta,Embryophyta,NA,NA,NA,NA
Otu000067,Eukaryota,Ascomycota,Saccharomycetes,Saccharomycetales,Saccharomycetaceae,Saccharomyces,NA
Otu000068,Eukaryota,NA,NA,NA,NA,NA,NA
Otu000069,Eukaryota,Ciliophora,Intramacronucleata,Conthreep,Oligohymenophorea,Stokesia,NA
Otu000070,Eukaryota,Basidiomycota,Agaricomycetes,Russulales,Stereaceae,NA,NA
Otu000071,Eukaryota,Ochrophyta,Dictyochophyceae,Pedinellales,NA,NA,NA
Otu000072,Eukaryota,Basidiomycota,Tremellomycetes,Tremellales,Bulleraceae,Bullera,NA
Otu000073,Eukaryota,Basidiomycota,Microbotryomycetes,Sporidiobolales,Sporidiobolaceae,Rhodotorula,NA
Otu000074,Eukaryota,Ascomycota,Dothideomycetes,Capnodiales,Mycosphaerellaceae,Ramularia,NA
Otu000075,Eukaryota,Basidiomycota,Agaricomycetes,Polyporales,NA,NA,NA
Otu000076,Eukaryota,Porifera,Demospongiae,Spongillida,NA,NA,NA
Otu000077,Eukaryota,Ochrophyta,NA,NA,NA,NA,NA
Otu000078,Eukaryota,Ciliophora,Intramacronucleata,Spirotrichea,Choreotrichia,Pelagostrobilidium,NA
Otu000079,Eukaryota,Basidiomycota,Tremellomycetes,Filobasidiales,Filobasidiaceae,Filobasidium,NA
Otu000080,Eukaryota,Basidiomycota,Tremellomycetes,Filobasidiales,Filobasidiaceae,Naganishia,NA
Otu000081,Eukaryota,Ciliophora,Intramacronucleata,Litostomatea,Haptoria,Litonotus,NA
Otu000082,Eukaryota,Phragmoplastophyta,Embryophyta,Liliopsida,Zingiberales_fa,Costus,NA
Otu000083,Eukaryota,Phragmoplastophyta,Embryophyta,Caryophyllales,Caryophyllales_fa,NA,NA
Otu000084,Eukaryota,Opisthokonta_ph,Aphelidea,Aphelidea_or,Aphelidea_fa,NA,NA
Otu000085,Eukaryota,Ochrophyta,Diatomea,Bacillariophytina,Bacillariophyceae,Diatoma,NA
Otu000086,Eukaryota,Basidiomycota,Exobasidiomycetes,Entylomatales,Incertae_Sedis,Tilletiopsis,NA
Otu000087,Eukaryota,Phragmoplastophyta,Embryophyta,Sapindales,Sapindales_fa,NA,NA
Otu000088,Eukaryota,Stramenopiles_ph,Placididea,NA,NA,NA,NA
Otu000089,Eukaryota,Phragmoplastophyta,Embryophyta,Liliopsida,Poales_fa,Oryza,NA
Otu000090,Eukaryota,Phragmoplastophyta,Embryophyta,NA,NA,NA,NA
Otu000091,Eukaryota,Ascomycota,Dothideomycetes,Capnodiales,Extremaceae,NA,NA
Otu000092,Eukaryota,Ciliophora,Intramacronucleata,Litostomatea,Haptoria,Dileptus,NA
Otu000093,Eukaryota,NA,NA,NA,NA,NA,NA
Otu000094,Eukaryota,Ochrophyta,Chrysophyceae,Chrysocapsales,Chrysocapsales_fa,Hydrurus,NA
Otu000095,Eukaryota,Basidiomycota,Tremellomycetes,Tremellales,Bulleribasidiaceae,Dioszegia,NA
Otu000096,Eukaryota,Chlorophyta_ph,Chlorophyceae,Chlamydomonadales,Chlamydomonadales_fa,NA,NA
Otu000097,Eukaryota,NA,NA,NA,NA,NA,NA
Otu000098,Eukaryota,Basidiomycota,Agaricomycetes,Corticiales,Corticiaceae,Hyphodontia,NA
Otu000099,Eukaryota,Ascomycota,Dothideomycetes,Pleosporales,Phaeosphaeriaceae,NA,NA
Otu000100,Eukaryota,Basidiomycota,Agaricomycetes,Trechisporales,Hydnodontaceae,Trechispora,NA
Otu000101,Eukaryota,Basidiomycota,Tremellomycetes,Tremellales,Bulleribasidiaceae,Dioszegia,NA
Otu000102,Eukaryota,Ochrophyta,Dictyochophyceae,Pedinellales,NA,NA,NA
Otu000103,Eukaryota,Ciliophora,Intramacronucleata,Litostomatea,Haptoria,Loxophyllum,NA
Otu000104,Eukaryota,NA,NA,NA,NA,NA,NA
Otu000105,Eukaryota,Ascomycota,Dothideomycetes,Pleosporales,Incertae_Sedis,NA,NA
Otu000106,Eukaryota,Ciliophora,Intramacronucleata,Litostomatea,Haptoria,NA,NA
Otu000107,Eukaryota,Ciliophora,Intramacronucleata,Conthreep,Oligohymenophorea,Carchesium,NA
Otu000108,Eukaryota,Ascomycota,Leotiomycetes,Erysiphales,Erysiphaceae,Blumeria,NA
Otu000109,Eukaryota,Ciliophora,Intramacronucleata,Litostomatea,Haptoria,NA,NA
Otu000110,Eukaryota,Basidiomycota,Agaricomycetes,Corticiales,Corticiaceae,NA,NA
Otu000111,Eukaryota,Ochrophyta,Chrysophyceae,Chromulinales,Chromulinales_fa,Spumella,NA
Otu000112,Eukaryota,NA,NA,NA,NA,NA,NA
Otu000113,Eukaryota,Ochrophyta,Chrysophyceae,Ochromonadales,Ochromonadales_fa,Paraphysomonas,NA
Otu000114,Eukaryota,Ciliophora,Intramacronucleata,Conthreep,Oligohymenophorea,Carchesium,NA
Otu000115,Eukaryota,Ochrophyta,Chrysophyceae,Synurales,Synurales_fa,Synura,NA
Otu000116,Eukaryota,Basidiomycota,Cystobasidiomycetes,Incertae_Sedis,Incertae_Sedis,Symmetrospora,NA
Otu000117,Eukaryota,Ascomycota,Eurotiomycetes,Eurotiales,Aspergillaceae,Penicillium,NA
Otu000118,Eukaryota,Ciliophora,Intramacronucleata,Spirotrichea,NA,NA,NA
Otu000119,Eukaryota,Ciliophora,Intramacronucleata,Spirotrichea,Euplotia,Aspidisca,NA
Otu000120,Eukaryota,Ascomycota,Dothideomycetes,Pleosporales,Pleosporaceae,Alternaria,NA
Otu000121,Eukaryota,Ascomycota,Leotiomycetes,Helotiales,Sclerotiniaceae,Sclerotinia,NA
Otu000122,Eukaryota,Phragmoplastophyta,Embryophyta,NA,NA,NA,NA
Otu000123,Eukaryota,Ochrophyta,Chrysophyceae,Chromulinales,Chromulinales_fa,Pedospumella,NA
Otu000124,Eukaryota,Chytridiomycota,Incertae_Sedis,NA,NA,NA,NA
Otu000125,Eukaryota,Cercozoa,NA,NA,NA,NA,NA
Otu000126,Eukaryota,Ascomycota,Saccharomycetes,Saccharomycetales,Debaryomycetaceae,NA,NA
Otu000127,Eukaryota,Ochrophyta,Chrysophyceae,Chrysocapsales,Chrysocapsales_fa,Hydrurus,NA
Otu000128,Eukaryota,Ciliophora,Intramacronucleata,Litostomatea,Haptoria,Loxophyllum,NA
Otu000129,Eukaryota,Basidiomycota,Malasseziomycetes,Malasseziales,Malasseziaceae,Malassezia,NA
Otu000130,Eukaryota,Ochrophyta,Diatomea,Bacillariophytina,Bacillariophyceae,Navicula,NA
Otu000131,Eukaryota,Ciliophora,Intramacronucleata,Spirotrichea,Euplotia,Aspidisca,NA
Otu000132,Eukaryota,Ciliophora,Intramacronucleata,Spirotrichea,Choreotrichia,Pelagostrobilidium,NA
Otu000133,Eukaryota,Basidiomycota,Tremellomycetes,Tremellales,Bulleribasidiaceae,Vishniacozyma,NA
Otu000134,Eukaryota,Ascomycota,Saccharomycetes,Saccharomycetales,Metschnikowiaceae,Clavispora-Candida_clade,NA
Otu000135,Eukaryota,Basidiomycota,NA,NA,NA,NA,NA
Otu000136,Eukaryota,Basidiomycota,Exobasidiomycetes,Georgefischeriales,Tilletiariaceae,Phragmotaenium,NA
Otu000137,Eukaryota,Ochrophyta,Diatomea,Coscinodiscophytina,Fragilariales,Fragilaria,NA
Otu000138,Eukaryota,Ciliophora,Intramacronucleata,Spirotrichea,Euplotia,Aspidisca,NA
Otu000139,Eukaryota,NA,NA,NA,NA,NA,NA
Otu000140,Eukaryota,Chlorophyta_ph,Ulvophyceae,Ulotrichales,Ulotrichales_fa,Hazenia,NA
Otu000141,Eukaryota,Ascomycota,Saccharomycetes,Saccharomycetales,Phaffomycetaceae,NA,NA
Otu000142,Eukaryota,Ciliophora,Intramacronucleata,Litostomatea,Haptoria,Amphileptus,NA
Otu000143,Eukaryota,Ascomycota,Dothideomycetes,Capnodiales,Cladosporiaceae,Cladosporium,NA
Otu000144,Eukaryota,Basidiomycota,Exobasidiomycetes,Entylomatales,Incertae_Sedis,Tilletiopsis,NA
Otu000145,Eukaryota,Ciliophora,Intramacronucleata,Conthreep,NA,NA,NA
Otu000146,Eukaryota,Ciliophora,Intramacronucleata,Spirotrichea,Euplotia,Aspidisca,NA
Otu000147,Eukaryota,Phragmoplastophyta,Embryophyta,Cucurbitales,Cucurbitales_fa,Cucumis,NA
Otu000148,Eukaryota,Ochrophyta,Diatomea,Coscinodiscophytina,Fragilariales,Ulnaria,NA
Otu000149,Eukaryota,Phragmoplastophyta,Embryophyta,Liliopsida,Zingiberales_fa,Musa,NA
Otu000150,Eukaryota,NA,NA,NA,NA,NA,NA
Otu000151,Eukaryota,Basidiomycota,Microbotryomycetes,Leucosporidiales,Leucosporidiaceae,Leucosporidium,NA
Otu000152,Eukaryota,Cryptomonadales,Cryptomonadales_cl,Cryptomonadales_or,Cryptomonadales_fa,Cryptomonas,NA
Otu000153,Eukaryota,Dinoflagellata,Dinophyceae,Peridiniphycidae,Thoracosphaeraceae,NA,NA
Otu000154,Eukaryota,Ciliophora,Intramacronucleata,Conthreep,Oligohymenophorea,NA,NA
Otu000155,Eukaryota,NA,NA,NA,NA,NA,NA
Otu000156,Eukaryota,Ascomycota,Leotiomycetes,Erysiphales,Erysiphaceae,NA,NA
Otu000157,Eukaryota,Ciliophora,Intramacronucleata,Conthreep,Oligohymenophorea,NA,NA
Otu000158,Eukaryota,Ciliophora,Intramacronucleata,Spirotrichea,Hypotrichia,Urostyla,NA
Otu000159,Eukaryota,Basidiomycota,Microbotryomycetes,Sporidiobolales,Sporidiobolaceae,NA,NA
Otu000160,Eukaryota,Ciliophora,Intramacronucleata,Conthreep,NA,NA,NA
Otu000161,Eukaryota,Basidiomycota,Agaricostilbomycetes,Agaricostilbales,Ruineniaceae,Ruinenia,NA
Otu000162,Eukaryota,Ciliophora,Intramacronucleata,Conthreep,Oligohymenophorea,NA,NA
Otu000163,Eukaryota,Ciliophora,Intramacronucleata,Conthreep,Oligohymenophorea,Carchesium,NA
Otu000164,Eukaryota,Ascomycota,Dothideomycetes,Capnodiales,Mycosphaerellaceae,NA,NA
Otu000165,Eukaryota,NA,NA,NA,NA,NA,NA
Otu000166,Eukaryota,Ciliophora,Intramacronucleata,Conthreep,Oligohymenophorea,Pseudocohnilembus,NA
Otu000167,Eukaryota,Ciliophora,Intramacronucleata,Conthreep,Oligohymenophorea,Telotrochidium,NA
Otu000168,Eukaryota,Ochrophyta,Diatomea,Coscinodiscophytina,Fragilariales,Fragilaria,NA
Otu000169,Eukaryota,Ciliophora,Intramacronucleata,Spirotrichea,Euplotia,Aspidisca,NA
Otu000170,Eukaryota,Ochrophyta,Diatomea,Coscinodiscophytina,Melosirids,Melosira,NA
Otu000171,Eukaryota,Phragmoplastophyta,Embryophyta,Liliopsida,Poales_fa,NA,NA
Otu000172,Eukaryota,Basidiomycota,Tremellomycetes,Cystofilobasidiales,Mrakiaceae,Mrakia,NA
Otu000173,Eukaryota,Ascomycota,Dothideomycetes,Capnodiales,Mycosphaerellaceae,Ramularia,NA
Otu000174,Eukaryota,Ascomycota,Saccharomycetes,Saccharomycetales,Debaryomycetaceae,Candida-Lodderomyces_clade,NA
Otu000175,Eukaryota,Klebsormidiophyceae,Klebsormidiophyceae_cl,Klebsormidiales,Klebsormidiales_fa,Klebsormidium,NA
Otu000176,Eukaryota,Basidiomycota,Microbotryomycetes,Sporidiobolales,Sporidiobolaceae,NA,NA
Otu000177,Eukaryota,Ciliophora,Intramacronucleata,Conthreep,Oligohymenophorea,NA,NA
Otu000178,Eukaryota,NA,NA,NA,NA,NA,NA
Otu000179,Eukaryota,Ascomycota,Dothideomycetes,Capnodiales,Cladosporiaceae,Cladosporium,NA
Otu000180,Eukaryota,Ciliophora,Intramacronucleata,Spirotrichea,Hypotrichia,Gonostomum,NA
Otu000181,Eukaryota,Ascomycota,Eurotiomycetes,Eurotiales,Aspergillaceae,Aspergillus,NA
Otu000182,Eukaryota,Arthropoda,Maxillopoda,Harpacticoida,NA,NA,NA
Otu000183,Eukaryota,Basidiomycota,Agaricomycetes,NA,NA,NA,NA
Otu000184,Eukaryota,Basidiomycota,Tremellomycetes,Tremellales,Bulleribasidiaceae,Vishniacozyma,NA
Otu000185,Eukaryota,Ciliophora,Intramacronucleata,Conthreep,Phyllopharyngea,NA,NA
Otu000186,Eukaryota,NA,NA,NA,NA,NA,NA
Otu000187,Eukaryota,Phragmoplastophyta,Embryophyta,NA,NA,NA,NA
Otu000188,Eukaryota,Basidiomycota,Tremellomycetes,Tremellales,Bulleribasidiaceae,Vishniacozyma,NA
Otu000189,Eukaryota,Phragmoplastophyta,Embryophyta,Liliopsida,Poales_fa,NA,NA
Otu000190,Eukaryota,Chlorophyta_ph,Ulvophyceae,Ulotrichales,Ulotrichales_fa,Urospora,NA
Otu000191,Eukaryota,Basidiomycota,Malasseziomycetes,Malasseziales,Malasseziaceae,Malassezia,NA
Otu000192,Eukaryota,Basidiomycota,Cystobasidiomycetes,Erythrobasidiales,Erythrobasidiales_fa,Erythrobasidiaceae,NA
Otu000193,Eukaryota,Ciliophora,Intramacronucleata,Spirotrichea,Choreotrichia,Pelagostrobilidium,NA
Otu000194,Eukaryota,Chytridiomycota,Incertae_Sedis,Gromochytriales,Gromochytriaceae,NA,NA
Otu000195,Eukaryota,Ochrophyta,Diatomea,Bacillariophytina,Bacillariophyceae,Navicula,NA
Otu000196,Eukaryota,Basidiomycota,Tremellomycetes,Tremellales,Bulleribasidiaceae,Vishniacozyma,NA
Otu000197,Eukaryota,Ascomycota,Eurotiomycetes,Chaetothyriales,Trichomeriaceae,Knufia,NA
Otu000198,Eukaryota,Basidiomycota,Agaricomycetes,NA,NA,NA,NA
Otu000199,Eukaryota,Ochrophyta,Chrysophyceae,NA,NA,NA,NA
Otu000200,Eukaryota,Phragmoplastophyta,Embryophyta,Asterales,Asterales_fa,Helianthus,NA
Otu000201,Eukaryota,Ciliophora,Intramacronucleata,Spirotrichea,Hypotrichia,Pseudouroleptus,NA
Otu000202,Eukaryota,Basidiomycota,Agaricomycetes,Agaricales,Physalacriaceae,Flammulina,NA
Otu000203,Eukaryota,Ciliophora,Intramacronucleata,Spirotrichea,Euplotia,Aspidisca,NA
Otu000204,Eukaryota,Basidiomycota,Agaricomycetes,NA,NA,NA,NA
Otu000205,Eukaryota,Chlorophyta_ph,Chlorophyceae,Chlamydomonadales,Chlamydomonadales_fa,Polytoma,NA
Otu000206,Eukaryota,Basidiomycota,Agaricomycetes,Corticiales,Corticiaceae,Sistotrema,NA
Otu000207,Eukaryota,Ciliophora,Intramacronucleata,Spirotrichea,Euplotia,Aspidisca,NA
Otu000208,Eukaryota,Ochrophyta,Chrysophyceae,Chromulinales,Chromulinales_fa,Spumella,NA
Otu000209,Eukaryota,Ochrophyta,Diatomea,Bacillariophytina,Bacillariophyceae,Navicula,NA
Otu000210,Eukaryota,Ciliophora,Intramacronucleata,Conthreep,Oligohymenophorea,Carchesium,NA
Otu000211,Eukaryota,Basidiomycota,Microbotryomycetes,Sporidiobolales,Sporidiobolaceae,Rhodotorula,NA
Otu000212,Eukaryota,Cercozoa,Cercomonadidae,Cercomonadidae_or,Cercomonadidae_fa,Cercomonas,NA
Otu000213,Eukaryota,Ascomycota,Dothideomycetes,Pleosporales,Leptosphaeriaceae,Neophaeosphaeria,NA
Otu000214,Eukaryota,Ciliophora,Intramacronucleata,Litostomatea,Haptoria,Hemiophrys,NA
Otu000215,Eukaryota,Ciliophora,Intramacronucleata,Spirotrichea,Choreotrichia,Pelagostrobilidium,NA
Otu000216,Eukaryota,Arthropoda,Maxillopoda,NA,NA,NA,NA
Otu000217,Eukaryota,Ciliophora,Intramacronucleata,Spirotrichea,Choreotrichia,Pelagostrobilidium,NA
Otu000218,Eukaryota,Ascomycota,Dothideomycetes,Pleosporales,Phaeosphaeriaceae,NA,NA
Otu000219,Eukaryota,Ciliophora,Intramacronucleata,Spirotrichea,Euplotia,Aspidisca,NA
Otu000220,Eukaryota,Ciliophora,Intramacronucleata,Conthreep,Oligohymenophorea,Telotrochidium,NA
Otu000221,Eukaryota,Basidiomycota,Agaricomycetes,Agaricales,NA,NA,NA
Otu000222,Eukaryota,Ciliophora,Intramacronucleata,Spirotrichea,Choreotrichia,Pelagostrobilidium,NA
Otu000223,Eukaryota,Peronosporomycetes,Peronosporomycetes_cl,Peronosporomycetes_or,Peronosporomycetes_fa,NA,NA
Otu000224,Eukaryota,Basidiomycota,Agaricomycetes,Trechisporales,Hydnodontaceae,Trechispora,NA
Otu000225,Eukaryota,Phragmoplastophyta,Embryophyta,NA,NA,NA,NA
Otu000226,Eukaryota,Basidiomycota,Pucciniomycetes,Pucciniales,Pucciniaceae,Puccinia,NA
Otu000227,Eukaryota,Cercozoa,Thecofilosea,Cryomonadida,Rhizaspididae,Rhogostoma,NA
Otu000228,Eukaryota,Ascomycota,Taphrinomycetes,Taphrinales,Taphrinaceae,Taphrina,NA
Otu000229,Eukaryota,Basidiomycota,Agaricostilbomycetes,Agaricostilbales,Kondoaceae,Kondoa,NA
Otu000230,Eukaryota,Cercozoa,Thecofilosea,Cryomonadida,Rhizaspididae,Rhogostoma,NA
Otu000231,Eukaryota,Ciliophora,Intramacronucleata,Spirotrichea,Euplotia,Aspidisca,NA
Otu000232,Eukaryota,Ochrophyta,Diatomea,Bacillariophytina,Bacillariophyceae,Cylindrotheca,NA
Otu000233,Eukaryota,Ochrophyta,Diatomea,Bacillariophytina,Bacillariophyceae,Nitzschia,NA
Otu000234,Eukaryota,Cercozoa,Phytomyxea,Phytomyxea_or,Phytomyxea_fa,Plasmodiophora,NA
Otu000235,Eukaryota,NA,NA,NA,NA,NA,NA
Otu000236,Eukaryota,Ochrophyta,Diatomea,Bacillariophytina,Bacillariophyceae,Navicula,NA
Otu000237,Eukaryota,Protalveolata,Perkinsidae,A31,NA,NA,NA
Otu000238,Eukaryota,Ascomycota,Dothideomycetes,Pleosporales,Pleosporaceae,Alternaria,NA
Otu000239,Eukaryota,Phragmoplastophyta,Embryophyta,NA,NA,NA,NA
Otu000240,Eukaryota,Ciliophora,Intramacronucleata,Spirotrichea,Euplotia,Aspidisca,NA
Otu000241,Eukaryota,Ciliophora,Intramacronucleata,Spirotrichea,Choreotrichia,Pelagostrobilidium,NA
Otu000242,Eukaryota,Basidiomycota,Agaricomycetes,Polyporales,NA,NA,NA
Otu000243,Eukaryota,Ciliophora,Intramacronucleata,Spirotrichea,Euplotia,Aspidisca,NA
Otu000244,Eukaryota,Basidiomycota,Tremellomycetes,Cystofilobasidiales,Mrakiaceae,Mrakia,NA
Otu000245,Eukaryota,Cercozoa,NA,NA,NA,NA,NA
Otu000246,Eukaryota,Ciliophora,Intramacronucleata,Conthreep,Oligohymenophorea,Tetrahymena,NA
Otu000247,Eukaryota,Bicosoecida,NA,NA,NA,NA,NA
Otu000248,Eukaryota,Basidiomycota,Tremellomycetes,Filobasidiales,Filobasidiaceae,Heterocephalacria,NA
Otu000249,Eukaryota,Peronosporomycetes,Peronosporomycetes_cl,Peronosporomycetes_or,Peronosporomycetes_fa,Pythium,NA
Otu000250,Eukaryota,Arthropoda,Ellipura,Collembola,NA,NA,NA
Otu000251,Eukaryota,Ciliophora,Intramacronucleata,Conthreep,Oligohymenophorea,NA,NA
Otu000252,Eukaryota,Basidiomycota,Microbotryomycetes,Incertae_Sedis,Chrysozymaceae,NA,NA
Otu000253,Eukaryota,Ascomycota,Eurotiomycetes,Eurotiales,Aspergillaceae,Penicillium,NA
Otu000254,Eukaryota,Ciliophora,Intramacronucleata,Spirotrichea,Choreotrichia,Pelagostrobilidium,NA
Otu000255,Eukaryota,Cercozoa,NA,NA,NA,NA,NA
Otu000256,Eukaryota,Cercozoa,Cercomonadidae,Cercomonadidae_or,Cercomonadidae_fa,NA,NA
Otu000257,Eukaryota,Protalveolata,Perkinsidae,A31,NA,NA,NA
Otu000258,Eukaryota,Vertebrata,Actinopterygii,NA,NA,NA,NA
Otu000259,Eukaryota,NA,NA,NA,NA,NA,NA
Otu000260,Eukaryota,NA,NA,NA,NA,NA,NA
Otu000261,Eukaryota,Chlorophyta_ph,Trebouxiophyceae,Chlorellales,Chlorellales_fa,Chloroidium,NA
Otu000262,Eukaryota,Incertae_Sedis,NA,NA,NA,NA,NA
Otu000263,Eukaryota,Ciliophora,Intramacronucleata,Spirotrichea,Hypotrichia,Bistichella,NA
Otu000264,Eukaryota,NA,NA,NA,NA,NA,NA
Otu000265,Eukaryota,Ciliophora,Intramacronucleata,Conthreep,NA,NA,NA
Otu000266,Eukaryota,Ascomycota,Dothideomycetes,Pleosporales,Phaeosphaeriaceae,Phaeosphaeria,NA
Otu000267,Eukaryota,Basidiomycota,Agaricomycetes,Agaricales,NA,NA,NA
Otu000268,Eukaryota,NA,NA,NA,NA,NA,NA
Otu000269,Eukaryota,Ochrophyta,Diatomea,Bacillariophytina,Bacillariophyceae,Navicula,NA
Otu000270,Eukaryota,NA,NA,NA,NA,NA,NA
Otu000271,Eukaryota,NA,NA,NA,NA,NA,NA
Otu000272,Eukaryota,Basidiomycota,Agaricomycetes,NA,NA,NA,NA
Otu000273,Eukaryota,Basidiomycota,Agaricomycetes,Agaricales,Omphalotaceae,Gymnopus,NA
Otu000274,Eukaryota,Cercozoa,NA,NA,NA,NA,NA
Otu000275,Eukaryota,Ascomycota,Dothideomycetes,Pleosporales,Pleosporaceae,Alternaria,NA
Otu000276,Eukaryota,Ciliophora,Intramacronucleata,Litostomatea,Haptoria,NA,NA
Otu000277,Eukaryota,Phragmoplastophyta,Embryophyta,NA,NA,NA,NA
Otu000278,Eukaryota,Ciliophora,Intramacronucleata,Conthreep,Nassophorea,Colpodidium,NA
Otu000279,Eukaryota,Ascomycota,Dothideomycetes,Pleosporales,Pleosporaceae,Alternaria,NA
Otu000280,Eukaryota,Ciliophora,Intramacronucleata,Spirotrichea,Choreotrichia,Pelagostrobilidium,NA
Otu000281,Eukaryota,Protalveolata,Syndiniales,Syndiniales_or,Syndiniales_Group_II,NA,NA
Otu000282,Eukaryota,Cercozoa,NA,NA,NA,NA,NA
Otu000283,Eukaryota,Ascomycota,Dothideomycetes,Pleosporales,NA,NA,NA
Otu000284,Eukaryota,Ascomycota,Leotiomycetes,Helotiales,NA,NA,NA
Otu000285,Eukaryota,Ciliophora,Intramacronucleata,Spirotrichea,Euplotia,Aspidisca,NA
Otu000286,Eukaryota,Cercozoa,Glissomonadida,NA,NA,NA,NA
Otu000287,Eukaryota,Ochrophyta,Chrysophyceae,Synurales,Synurales_fa,Synura,NA
Otu000288,Eukaryota,NA,NA,NA,NA,NA,NA
Otu000289,Eukaryota,Ciliophora,Intramacronucleata,Conthreep,Oligohymenophorea,Lembadion,NA
Otu000290,Eukaryota,NA,NA,NA,NA,NA,NA
Otu000291,Eukaryota,Cercozoa,NA,NA,NA,NA,NA
Otu000292,Eukaryota,Protalveolata,Perkinsidae,Perkinsidae_or,Perkinsidae_fa,Parvilucifera,NA
Otu000293,Eukaryota,Ochrophyta,Diatomea,Bacillariophytina,Bacillariophyceae,NA,NA
Otu000294,Eukaryota,Ochrophyta,Diatomea,Bacillariophytina,Bacillariophyceae,Entomoneis,NA
Otu000295,Eukaryota,Basidiomycota,Agaricomycetes,Polyporales,Fomitopsidaceae,Fomitopsis,NA
Otu000296,Eukaryota,Ascomycota,Dothideomycetes,Pleosporales,Leptosphaeriaceae,Neophaeosphaeria,NA
Otu000297,Eukaryota,NA,NA,NA,NA,NA,NA
Otu000298,Eukaryota,NA,NA,NA,NA,NA,NA
Otu000299,Eukaryota,Ciliophora,Intramacronucleata,Litostomatea,Haptoria,Hemiophrys,NA
Otu000300,Eukaryota,Ciliophora,Intramacronucleata,Spirotrichea,Euplotia,Aspidisca,NA
Otu000301,Eukaryota,Ciliophora,Intramacronucleata,Conthreep,NA,NA,NA
Otu000302,Eukaryota,Ciliophora,Intramacronucleata,Spirotrichea,Euplotia,Aspidisca,NA
Otu000303,Eukaryota,Ascomycota,Leotiomycetes,Thelebolales,Thelebolaceae,Thelebolus,NA
Otu000304,Eukaryota,Peronosporomycetes,Peronosporomycetes_cl,Peronosporomycetes_or,Peronosporomycetes_fa,Pythium,NA
Otu000305,Eukaryota,Chytridiomycota,Incertae_Sedis,Rhizophydiales,NA,NA,NA
Otu000306,Eukaryota,Ascomycota,Eurotiomycetes,Eurotiales,Aspergillaceae,Aspergillus,NA
Otu000307,Eukaryota,Basidiomycota,Microbotryomycetes,Sporidiobolales,Sporidiobolaceae,NA,NA
Otu000308,Eukaryota,Ciliophora,Intramacronucleata,Spirotrichea,Euplotia,Aspidisca,NA
Otu000309,Eukaryota,Cercozoa,Phytomyxea,Phytomyxea_or,Phytomyxea_fa,Plasmodiophora,NA
Otu000310,Eukaryota,Cercozoa,Cercomonadidae,Cercomonadidae_or,Cercomonadidae_fa,Cercomonas,NA
Otu000311,Eukaryota,Cercozoa,Thecofilosea,Cryomonadida,Rhizaspididae,Rhogostoma,NA
Otu000312,Eukaryota,Ascomycota,NA,NA,NA,NA,NA
Otu000313,Eukaryota,Cercozoa,Cercomonadidae,Cercomonadidae_or,Cercomonadidae_fa,Paracercomonas,NA
Otu000314,Eukaryota,Phragmoplastophyta,Embryophyta,NA,NA,NA,NA
Otu000315,Eukaryota,Cercozoa,Cercomonadidae,Cercomonadidae_or,Cercomonadidae_fa,Cercomonas,NA
Otu000316,Eukaryota,Ascomycota,Dothideomycetes,Pleosporales,NA,NA,NA
Otu000317,Eukaryota,Ciliophora,Intramacronucleata,Spirotrichea,Choreotrichia,Pelagostrobilidium,NA
Otu000318,Eukaryota,Phragmoplastophyta,Embryophyta,NA,NA,NA,NA
Otu000319,Eukaryota,Ciliophora,Intramacronucleata,Litostomatea,Haptoria,Arcuospathidium,NA
Otu000320,Eukaryota,Ciliophora,Intramacronucleata,Conthreep,Oligohymenophorea,NA,NA
Otu000321,Eukaryota,Ochrophyta,Diatomea,Bacillariophytina,Bacillariophyceae,Navicula,NA
Otu000322,Eukaryota,Basidiomycota,Agaricomycetes,Russulales,NA,NA,NA
Otu000323,Eukaryota,Ochrophyta,Chrysophyceae,Chromulinales,Chromulinales_fa,Chromulina,NA
Otu000324,Eukaryota,Ochrophyta,Diatomea,Bacillariophytina,Bacillariophyceae,Navicula,NA
Otu000325,Eukaryota,Ciliophora,Intramacronucleata,Conthreep,Oligohymenophorea,Telotrochidium,NA
Otu000326,Eukaryota,Ochrophyta,Diatomea,Coscinodiscophytina,Fragilariales,Licmophora,NA
Otu000327,Eukaryota,Ascomycota,Leotiomycetes,Helotiales,Incertae_Sedis,Tetracladium,NA
Otu000328,Eukaryota,Phragmoplastophyta,Embryophyta,Caryophyllales,Caryophyllales_fa,Chenopodium,NA
Otu000329,Eukaryota,Ciliophora,Intramacronucleata,Spirotrichea,Euplotia,Aspidisca,NA
Otu000330,Eukaryota,Ciliophora,Intramacronucleata,Spirotrichea,Euplotia,Aspidisca,NA
Otu000331,Eukaryota,Basidiomycota,Malasseziomycetes,Malasseziales,Malasseziaceae,Malassezia,NA
Otu000332,Eukaryota,Ochrophyta,Diatomea,Bacillariophytina,Bacillariophyceae,Navicula,NA
Otu000333,Eukaryota,Ochrophyta,Chrysophyceae,Ochromonadales,Ochromonadales_fa,Paraphysomonas,NA
Otu000334,Eukaryota,Ascomycota,Leotiomycetes,Helotiales,Incertae_Sedis,Cadophora,NA
Otu000335,Eukaryota,Ciliophora,Intramacronucleata,Conthreep,Oligohymenophorea,Vorticella,NA
Otu000336,Eukaryota,Ciliophora,Intramacronucleata,Spirotrichea,Euplotia,Aspidisca,NA
Otu000337,Eukaryota,Basidiomycota,Agaricomycetes,Corticiales,Corticiaceae,NA,NA
Otu000338,Eukaryota,Ciliophora,Intramacronucleata,Spirotrichea,Choreotrichia,Pelagostrobilidium,NA
Otu000339,Eukaryota,Ciliophora,Intramacronucleata,Spirotrichea,Euplotia,Aspidisca,NA
Otu000340,Eukaryota,Ochrophyta,Diatomea,Bacillariophytina,Mediophyceae,Stephanodiscus,NA
Otu000341,Eukaryota,Ascomycota,Leotiomycetes,Helotiales,Helotiaceae,NA,NA
Otu000342,Eukaryota,Ciliophora,Intramacronucleata,Litostomatea,Haptoria,Arcuospathidium,NA
Otu000343,Eukaryota,Basidiomycota,Exobasidiomycetes,Entylomatales,Incertae_Sedis,Tilletiopsis,NA
Otu000344,Eukaryota,Chlorophyta_ph,Trebouxiophyceae,Chlorellales,Chlorellales_fa,Chloroidium,NA
Otu000345,Eukaryota,Cercozoa,NA,NA,NA,NA,NA
Otu000346,Eukaryota,Ciliophora,Intramacronucleata,Conthreep,NA,NA,NA
Otu000347,Eukaryota,Ciliophora,Intramacronucleata,Conthreep,NA,NA,NA
Otu000348,Eukaryota,Cercozoa,Thecofilosea,Cryomonadida,Rhizaspididae,Rhogostoma,NA
Otu000349,Eukaryota,Ochrophyta,Diatomea,Coscinodiscophytina,Fragilariales,Licmophora,NA
Otu000350,Eukaryota,Mollusca,Gastropoda,Heterobranchia,NA,NA,NA
Otu000351,Eukaryota,Cercozoa,Glissomonadida,NA,NA,NA,NA
Otu000352,Eukaryota,Incertae_Sedis,Incertae_Sedis_cl,Incertae_Sedis_or,Incertae_Sedis_fa,Blastocystis,NA
Otu000353,Eukaryota,Chytridiomycota,Incertae_Sedis,Rhizophydiales,NA,NA,NA
Otu000354,Eukaryota,Ciliophora,Intramacronucleata,Conthreep,Oligohymenophorea,NA,NA
Otu000355,Eukaryota,Basidiomycota,Agaricomycetes,Agaricales,Tricholomataceae,NA,NA
Otu000356,Eukaryota,Ciliophora,Intramacronucleata,Spirotrichea,Choreotrichia,Pelagostrobilidium,NA
Otu000357,Eukaryota,Phragmoplastophyta,Embryophyta,Liliopsida,Asparagales_fa,Allium,NA
Otu000358,Eukaryota,Ascomycota,Leotiomycetes,Helotiales,NA,NA,NA
Otu000359,Eukaryota,Phragmoplastophyta,Embryophyta,Asterales,Asterales_fa,Diplostephium,NA
Otu000360,Eukaryota,NA,NA,NA,NA,NA,NA
Otu000361,Eukaryota,Ascomycota,Eurotiomycetes,Eurotiales,Aspergillaceae,Aspergillus,NA
Otu000362,Eukaryota,Ciliophora,Intramacronucleata,Spirotrichea,Hypotrichia,Oxytricha,NA
Otu000363,Eukaryota,Ciliophora,Intramacronucleata,Litostomatea,Haptoria,NA,NA
Otu000364,Eukaryota,Ciliophora,Intramacronucleata,Spirotrichea,Euplotia,Aspidisca,NA
Otu000365,Eukaryota,Ochrophyta,Diatomea,Bacillariophytina,Bacillariophyceae,NA,NA
Otu000366,Eukaryota,NA,NA,NA,NA,NA,NA
Otu000367,Eukaryota,Basidiomycota,Microbotryomycetes,Leucosporidiales,Leucosporidiaceae,Leucosporidium,NA
Otu000368,Eukaryota,Ciliophora,Intramacronucleata,Spirotrichea,Choreotrichia,Pelagostrobilidium,NA
Otu000369,Eukaryota,Ciliophora,Intramacronucleata,Conthreep,Oligohymenophorea,Carchesium,NA
Otu000370,Eukaryota,Ascomycota,Dothideomycetes,Pleosporales,Didymellaceae,Phoma,NA
Otu000371,Eukaryota,Dinoflagellata,Dinophyceae,NA,NA,NA,NA
Otu000372,Eukaryota,Ochrophyta,Diatomea,Bacillariophytina,Bacillariophyceae,NA,NA
Otu000373,Eukaryota,Peronosporomycetes,Peronosporomycetes_cl,Peronosporomycetes_or,Peronosporomycetes_fa,NA,NA
Otu000374,Eukaryota,Ciliophora,Intramacronucleata,Spirotrichea,Euplotia,Aspidisca,NA
Otu000375,Eukaryota,Ochrophyta,Chrysophyceae,Ochromonadales,Ochromonadales_fa,Ochromonas,NA
Otu000376,Eukaryota,Ciliophora,Intramacronucleata,Spirotrichea,Euplotia,Aspidisca,NA
Otu000377,Eukaryota,Basidiomycota,Malasseziomycetes,Malasseziales,Malasseziaceae,Malassezia,NA
Otu000378,Eukaryota,NA,NA,NA,NA,NA,NA
Otu000379,Eukaryota,Basidiomycota,Agaricomycetes,Agaricales,NA,NA,NA
Otu000380,Eukaryota,Ciliophora,Intramacronucleata,Spirotrichea,Euplotia,Aspidisca,NA
Otu000381,Eukaryota,Basidiomycota,Agaricomycetes,Agaricales,Psathyrellaceae,Psathyrella,NA
Otu000382,Eukaryota,Ochrophyta,Chrysophyceae,Chromulinales,Chromulinales_fa,Spumella,NA
Otu000383,Eukaryota,Basidiomycota,Agaricomycetes,Agaricales,NA,NA,NA
Otu000384,Eukaryota,Ascomycota,Saccharomycetes,Saccharomycetales,Pichiaceae,Pichia,NA
Otu000385,Eukaryota,Basidiomycota,Agaricomycetes,NA,NA,NA,NA
Otu000386,Eukaryota,Ascomycota,Leotiomycetes,Erysiphales,Erysiphaceae,NA,NA
Otu000387,Eukaryota,Ciliophora,Intramacronucleata,Spirotrichea,Choreotrichia,Pelagostrobilidium,NA
Otu000388,Eukaryota,Phragmoplastophyta,Embryophyta,Fabales,Fabales_fa,Arachis,NA
Otu000389,Eukaryota,Cercozoa,Thecofilosea,Cryomonadida,Rhizaspididae,Rhogostoma,NA
Otu000390,Eukaryota,Ochrophyta,Diatomea,Bacillariophytina,Bacillariophyceae,NA,NA
Otu000391,Eukaryota,NA,NA,NA,NA,NA,NA
Otu000392,Eukaryota,Ascomycota,Dothideomycetes,Pleosporales,Didymellaceae,Phoma,NA
Otu000393,Eukaryota,Basidiomycota,Agaricomycetes,Trechisporales,Hydnodontaceae,Trechispora,NA
Otu000394,Eukaryota,Ciliophora,Intramacronucleata,Spirotrichea,Euplotia,Aspidisca,NA
Otu000395,Eukaryota,Ochrophyta,Diatomea,Bacillariophytina,Bacillariophyceae,Navicula,NA
Otu000396,Eukaryota,Ciliophora,Intramacronucleata,Spirotrichea,Euplotia,Aspidisca,NA
Otu000397,Eukaryota,NA,NA,NA,NA,NA,NA
Otu000398,Eukaryota,Porifera,Demospongiae,Spongillida,NA,NA,NA
Otu000399,Eukaryota,Ascomycota,Dothideomycetes,Pleosporales,Didymellaceae,Phoma,NA
Otu000400,Eukaryota,Cercozoa,NA,NA,NA,NA,NA
Otu000401,Eukaryota,Ciliophora,Intramacronucleata,Spirotrichea,Choreotrichia,Pelagostrobilidium,NA
Otu000402,Eukaryota,Cercozoa,Glissomonadida,NA,NA,NA,NA
Otu000403,Eukaryota,Ciliophora,Intramacronucleata,Spirotrichea,Euplotia,Aspidisca,NA
Otu000404,Eukaryota,Ochrophyta,Chrysophyceae,Ochromonadales,Ochromonadales_fa,Paraphysomonas,NA
Otu000405,Eukaryota,Ciliophora,Intramacronucleata,Spirotrichea,Choreotrichia,Tintinnidium,NA
Otu000406,Eukaryota,Phragmoplastophyta,Embryophyta,NA,NA,NA,NA
Otu000407,Eukaryota,Ciliophora,Intramacronucleata,Spirotrichea,Choreotrichia,Tintinnidium,NA
Otu000408,Eukaryota,Cercozoa,Glissomonadida,NA,NA,NA,NA
Otu000409,Eukaryota,Ciliophora,Intramacronucleata,Spirotrichea,Choreotrichia,Pelagostrobilidium,NA
Otu000410,Eukaryota,Ochrophyta,Diatomea,Bacillariophytina,Mediophyceae,Cyclotella,NA
Otu000411,Eukaryota,Ciliophora,Intramacronucleata,Spirotrichea,Choreotrichia,Pelagostrobilidium,NA
Otu000412,Eukaryota,NA,NA,NA,NA,NA,NA
Otu000413,Eukaryota,Ciliophora,Intramacronucleata,Spirotrichea,Hypotrichia,Oxytricha,NA
Otu000414,Eukaryota,Klebsormidiophyceae,Klebsormidiophyceae_cl,Klebsormidiales,Klebsormidiales_fa,Klebsormidium,NA
Otu000415,Eukaryota,Ciliophora,Intramacronucleata,Spirotrichea,Choreotrichia,Pelagostrobilidium,NA
Otu000416,Eukaryota,Ochrophyta,Chrysophyceae,Synurales,Synurales_fa,Synura,NA
Otu000417,Eukaryota,Rotifera,Bdelloidea,Adinetida,NA,NA,NA
Otu000418,Eukaryota,Basidiomycota,Tremellomycetes,Tremellales,Bulleribasidiaceae,Vishniacozyma,NA
Otu000419,Eukaryota,Ascomycota,Dothideomycetes,Pleosporales,Didymellaceae,Phoma,NA
Otu000420,Eukaryota,Phragmoplastophyta,Embryophyta,Brassicales,Brassicales_fa,Arabidopsis,NA
Otu000421,Eukaryota,Ochrophyta,Diatomea,Bacillariophytina,Bacillariophyceae,Nitzschia,NA
Otu000422,Eukaryota,Ciliophora,Intramacronucleata,Conthreep,Oligohymenophorea,Stokesia,NA
Otu000423,Eukaryota,Ochrophyta,Chrysophyceae,NA,NA,NA,NA
Otu000424,Eukaryota,Ciliophora,Intramacronucleata,Conthreep,Oligohymenophorea,Pseudocohnilembus,NA
Otu000425,Eukaryota,NA,NA,NA,NA,NA,NA
Otu000426,Eukaryota,Ciliophora,Intramacronucleata,Spirotrichea,Euplotia,Aspidisca,NA
Otu000427,Eukaryota,Cercozoa,NA,NA,NA,NA,NA
Otu000428,Eukaryota,Phragmoplastophyta,NA,NA,NA,NA,NA
Otu000429,Eukaryota,NA,NA,NA,NA,NA,NA
Otu000430,Eukaryota,Chlorophyta_ph,Chlorophyceae,Incertae_Sedis,Incertae_Sedis_fa,Chlamydopodium,NA
Otu000431,Eukaryota,NA,NA,NA,NA,NA,NA
Otu000432,Eukaryota,Chlorophyta_ph,Trebouxiophyceae,Trebouxiales,Trebouxiales_fa,Trebouxia,NA
Otu000433,Eukaryota,Basidiomycota,Tremellomycetes,Tremellales,Cryptococcaceae,Kwoniella,NA
Otu000434,Eukaryota,Phragmoplastophyta,Embryophyta,Brassicales,Brassicales_fa,Arabidopsis,NA
Otu000435,Eukaryota,NA,NA,NA,NA,NA,NA
Otu000436,Eukaryota,Basidiomycota,Malasseziomycetes,Malasseziales,Malasseziaceae,Malassezia,NA
Otu000437,Eukaryota,Ciliophora,Intramacronucleata,Litostomatea,Haptoria,Loxophyllum,NA
Otu000438,Eukaryota,Basidiomycota,Agaricomycetes,Russulales,NA,NA,NA
Otu000439,Eukaryota,Basidiomycota,Malasseziomycetes,Malasseziales,Malasseziaceae,Malassezia,NA
Otu000440,Eukaryota,Basidiomycota,Microbotryomycetes,Sporidiobolales,Sporidiobolaceae,NA,NA
Otu000441,Eukaryota,Cercozoa,Thecofilosea,Cryomonadida,Rhizaspididae,Rhogostoma,NA
Otu000442,Eukaryota,Phragmoplastophyta,Embryophyta,Liliopsida,Asparagales_fa,Allium,NA
Otu000443,Eukaryota,Ciliophora,Intramacronucleata,Spirotrichea,Choreotrichia,Pelagostrobilidium,NA
Otu000444,Eukaryota,Ciliophora,Intramacronucleata,Spirotrichea,Euplotia,Aspidisca,NA
Otu000445,Eukaryota,Ciliophora,Intramacronucleata,Spirotrichea,Euplotia,Aspidisca,NA
Otu000446,Eukaryota,Choanoflagellida,Acanthoecida,Stephanoecidae,Stephanoecidae_fa,Diaphanoeca,NA
Otu000447,Eukaryota,Ascomycota,Dothideomycetes,Pleosporales,Didymellaceae,Phoma,NA
Otu000448,Eukaryota,Ciliophora,Intramacronucleata,Spirotrichea,Euplotia,Aspidisca,NA
Otu000449,Eukaryota,NA,NA,NA,NA,NA,NA
Otu000450,Eukaryota,Ochrophyta,Chrysophyceae,Chromulinales,Chromulinales_fa,Spumella,NA
Otu000451,Eukaryota,Ciliophora,Intramacronucleata,Litostomatea,Haptoria,Litonotus,NA
Otu000452,Eukaryota,NA,NA,NA,NA,NA,NA
Otu000453,Eukaryota,Chytridiomycota,Incertae_Sedis,Incertae_Sedis,Incertae_Sedis,Catenomyces,NA
Otu000454,Eukaryota,Ochrophyta,Chrysophyceae,Ochromonadales,Ochromonadales_fa,NA,NA
Otu000455,Eukaryota,Ochrophyta,Diatomea,Bacillariophytina,Bacillariophyceae,Navicula,NA
Otu000456,Eukaryota,Ascomycota,Dothideomycetes,Pleosporales,Didymellaceae,Phoma,NA
Otu000457,Eukaryota,Chytridiomycota,Incertae_Sedis,Rhizophydiales,NA,NA,NA
Otu000458,Eukaryota,Phragmoplastophyta,Embryophyta,NA,NA,NA,NA
Otu000459,Eukaryota,Ascomycota,Dothideomycetes,Pleosporales,Didymellaceae,Phoma,NA
Otu000460,Eukaryota,Chytridiomycota,Incertae_Sedis,Rhizophydiales,NA,NA,NA
Otu000461,Eukaryota,Basidiomycota,Pucciniomycetes,Pucciniales,Pucciniaceae,Puccinia,NA
Otu000462,Eukaryota,Cercozoa,NA,NA,NA,NA,NA
Otu000463,Eukaryota,Ciliophora,Intramacronucleata,Spirotrichea,Choreotrichia,Tintinnidium,NA
Otu000464,Eukaryota,NA,NA,NA,NA,NA,NA
Otu000465,Eukaryota,NA,NA,NA,NA,NA,NA
Otu000466,Eukaryota,Chytridiomycota,Incertae_Sedis,NA,NA,NA,NA
Otu000467,Eukaryota,Ascomycota,Leotiomycetes,Helotiales,Dermateaceae,NA,NA
Otu000468,Eukaryota,Ciliophora,Intramacronucleata,Spirotrichea,Choreotrichia,Pelagostrobilidium,NA
Otu000469,Eukaryota,Ciliophora,Intramacronucleata,Spirotrichea,Choreotrichia,Tintinnidium,NA
Otu000470,Eukaryota,Basidiomycota,Malasseziomycetes,Malasseziales,Malasseziaceae,Malassezia,NA
Otu000471,Eukaryota,Ascomycota,Dothideomycetes,Pleosporales,Didymellaceae,Phoma,NA
Otu000472,Eukaryota,Ochrophyta,Diatomea,Bacillariophytina,Bacillariophyceae,NA,NA
Otu000473,Eukaryota,Ochrophyta,Chrysophyceae,NA,NA,NA,NA
Otu000474,Eukaryota,Ciliophora,Intramacronucleata,Spirotrichea,Euplotia,Aspidisca,NA
Otu000475,Eukaryota,Cercozoa,Thecofilosea,Cryomonadida,Rhizaspididae,Rhogostoma,NA
Otu000476,Eukaryota,Cercozoa,Phytomyxea,Phytomyxea_or,Phytomyxea_fa,Plasmodiophora,NA
Otu000477,Eukaryota,NA,NA,NA,NA,NA,NA
Otu000478,Eukaryota,Ascomycota,Dothideomycetes,Capnodiales,Cladosporiaceae,Cladosporium,NA
Otu000479,Eukaryota,Ascomycota,Eurotiomycetes,Eurotiales,Aspergillaceae,Aspergillus,NA
Otu000480,Eukaryota,Peronosporomycetes,Peronosporomycetes_cl,Peronosporomycetes_or,Peronosporomycetes_fa,NA,NA
Otu000481,Eukaryota,Ciliophora,Intramacronucleata,Spirotrichea,Choreotrichia,Tintinnidium,NA
Otu000482,Eukaryota,Chlorophyta_ph,Trebouxiophyceae,Microthamniales,Microthamniales_fa,Asterochloris,NA
Otu000483,Eukaryota,Phragmoplastophyta,Embryophyta,Ranunculales,Ranunculales_fa,Ranunculus,NA
Otu000484,Eukaryota,Ciliophora,Intramacronucleata,Spirotrichea,Choreotrichia,Pelagostrobilidium,NA
Otu000485,Eukaryota,Ciliophora,Intramacronucleata,Spirotrichea,Choreotrichia,Tintinnidium,NA
Otu000486,Eukaryota,Ciliophora,Intramacronucleata,Conthreep,Oligohymenophorea,Telotrochidium,NA
Otu000487,Eukaryota,Ochrophyta,NA,NA,NA,NA,NA
Otu000488,Eukaryota,NA,NA,NA,NA,NA,NA
Otu000489,Eukaryota,Cercozoa,Glissomonadida,NA,NA,NA,NA
Otu000490,Eukaryota,Ciliophora,Intramacronucleata,Spirotrichea,Euplotia,Aspidisca,NA
Otu000491,Eukaryota,Ciliophora,Intramacronucleata,Spirotrichea,Choreotrichia,Pelagostrobilidium,NA
Otu000492,Eukaryota,Phragmoplastophyta,Embryophyta,NA,NA,NA,NA
Otu000493,Eukaryota,Ciliophora,Intramacronucleata,Spirotrichea,Choreotrichia,Pelagostrobilidium,NA
Otu000494,Eukaryota,Cercozoa,NA,NA,NA,NA,NA
Otu000495,Eukaryota,Ciliophora,Intramacronucleata,Spirotrichea,Choreotrichia,Pelagostrobilidium,NA
Otu000496,Eukaryota,NA,NA,NA,NA,NA,NA
Otu000497,Eukaryota,Ochrophyta,Chrysophyceae,Ochromonadales,Ochromonadales_fa,Paraphysomonas,NA
Otu000498,Eukaryota,Ochrophyta,Raphidophyceae,Chattonellales,Chattonellales_fa,Fibrocapsa,NA
Otu000499,Eukaryota,Ciliophora,Intramacronucleata,Conthreep,Phyllopharyngea,NA,NA
Otu000500,Eukaryota,Cercozoa,Glissomonadida,NA,NA,NA,NA
Otu000501,Eukaryota,Ascomycota,Leotiomycetes,Helotiales,Helotiaceae,NA,NA
Otu000502,Eukaryota,Ochrophyta,Diatomea,Bacillariophytina,Bacillariophyceae,Navicula,NA
Otu000503,Eukaryota,Ascomycota,Dothideomycetes,Pleosporales,Didymellaceae,Phoma,NA
Otu000504,Eukaryota,Ascomycota,Dothideomycetes,Pleosporales,Didymellaceae,Phoma,NA
Otu000505,Eukaryota,Phragmoplastophyta,Embryophyta,Liliopsida,Zingiberales_fa,Musa,NA
Otu000506,Eukaryota,Ciliophora,Intramacronucleata,Spirotrichea,Choreotrichia,Tintinnidium,NA
Otu000507,Eukaryota,Ascomycota,Arthoniomycetes,NA,NA,NA,NA
Otu000508,Eukaryota,Ascomycota,Dothideomycetes,Pleosporales,Didymellaceae,Phoma,NA
Otu000509,Eukaryota,Ciliophora,Intramacronucleata,Conthreep,Prostomatea,Tiarina,NA
Otu000510,Eukaryota,Cryptomonadales,Cryptomonadales_cl,Cryptomonadales_or,Cryptomonadales_fa,Cryptomonas,NA
Otu000511,Eukaryota,Cryptomycota,NA,NA,NA,NA,NA
Otu000512,Eukaryota,Cercozoa,Phytomyxea,Phytomyxea_or,Phytomyxea_fa,Plasmodiophora,NA
Otu000513,Eukaryota,Annelida,Clitellata,Haplotaxida,NA,NA,NA
Otu000514,Eukaryota,NA,NA,NA,NA,NA,NA
Otu000515,Eukaryota,Ochrophyta,Diatomea,Bacillariophytina,Bacillariophyceae,Nitzschia,NA
Otu000516,Eukaryota,Chytridiomycota,Incertae_Sedis,Rhizophydiales,NA,NA,NA
Otu000517,Eukaryota,Ciliophora,Intramacronucleata,Conthreep,Oligohymenophorea,NA,NA
Otu000518,Eukaryota,Chytridiomycota,Incertae_Sedis,Rhizophydiales,NA,NA,NA
Otu000519,Eukaryota,Cercozoa,Glissomonadida,NA,NA,NA,NA
Otu000520,Eukaryota,Cryptomycota,NA,NA,NA,NA,NA
Otu000521,Eukaryota,Ochrophyta,Chrysophyceae,Chrysocapsales,Chrysocapsales_fa,Hydrurus,NA
Otu000522,Eukaryota,Ochrophyta,Chrysophyceae,Ochromonadales,Ochromonadales_fa,Ochromonas,NA
Otu000523,Eukaryota,Chlorophyta_ph,Trebouxiophyceae,Chlorellales,Chlorellales_fa,Chloroidium,NA
Otu000524,Eukaryota,Ciliophora,Intramacronucleata,Spirotrichea,Euplotia,Aspidisca,NA
Otu000525,Eukaryota,Ciliophora,Intramacronucleata,Spirotrichea,Euplotia,Aspidisca,NA
Otu000526,Eukaryota,Ciliophora,Intramacronucleata,Spirotrichea,Euplotia,Aspidisca,NA
Otu000527,Eukaryota,Ciliophora,Intramacronucleata,Spirotrichea,Choreotrichia,Tintinnidium,NA
Otu000528,Eukaryota,Ciliophora,Intramacronucleata,Spirotrichea,Oligotrichia,Strombidium,NA
Otu000529,Eukaryota,NA,NA,NA,NA,NA,NA
Otu000530,Eukaryota,Ascomycota,Dothideomycetes,Pleosporales,Pleosporaceae,Pleospora,NA
Otu000531,Eukaryota,Basidiomycota,Exobasidiomycetes,Georgefischeriales,Tilletiariaceae,NA,NA
Otu000532,Eukaryota,Ciliophora,Intramacronucleata,Litostomatea,Haptoria,Lacrymaria,NA
Otu000533,Eukaryota,NA,NA,NA,NA,NA,NA
Otu000534,Eukaryota,Protalveolata,Perkinsidae,Perkinsidae_or,Perkinsidae_fa,Parvilucifera,NA
Otu000535,Eukaryota,Cercozoa,Glissomonadida,NA,NA,NA,NA
Otu000536,Eukaryota,Ascomycota,Dothideomycetes,Pleosporales,NA,NA,NA
Otu000537,Eukaryota,Cercozoa,NA,NA,NA,NA,NA
Otu000538,Eukaryota,NA,NA,NA,NA,NA,NA
Otu000539,Eukaryota,Cercozoa,Glissomonadida,NA,NA,NA,NA
Otu000540,Eukaryota,MAST-12,MAST-12A,NA,NA,NA,NA
Otu000541,Eukaryota,Ochrophyta,Chrysophyceae,Synurales,Synurales_fa,Synura,NA
Otu000542,Eukaryota,Ochrophyta,Dictyochophyceae,Pedinellales,NA,NA,NA
Otu000543,Eukaryota,Phragmoplastophyta,Embryophyta,Ericales,Ericales_fa,Camellia,NA
Otu000544,Eukaryota,Phragmoplastophyta,Embryophyta,NA,NA,NA,NA
Otu000545,Eukaryota,Cercozoa,Glissomonadida,NA,NA,NA,NA
Otu000546,Eukaryota,Chytridiomycota,Incertae_Sedis,Rhizophydiales,NA,NA,NA
Otu000547,Eukaryota,LKM15,NA,NA,NA,NA,NA
Otu000548,Eukaryota,Phragmoplastophyta,Embryophyta,NA,NA,NA,NA
Otu000549,Eukaryota,Arthropoda,Insecta,Thysanoptera,NA,NA,NA
Otu000550,Eukaryota,Ciliophora,Intramacronucleata,Spirotrichea,Choreotrichia,Tintinnidium,NA
Otu000551,Eukaryota,Ochrophyta,Diatomea,Bacillariophytina,Bacillariophyceae,NA,NA
Otu000552,Eukaryota,Ciliophora,Intramacronucleata,Conthreep,Oligohymenophorea,Carchesium,NA
Otu000553,Eukaryota,Ciliophora,Intramacronucleata,Conthreep,Oligohymenophorea,Carchesium,NA
Otu000554,Eukaryota,MAST-12,MAST-12A,NA,NA,NA,NA
Otu000555,Eukaryota,Basidiomycota,Microbotryomycetes,Sporidiobolales,Sporidiobolaceae,NA,NA
Otu000556,Eukaryota,Ochrophyta,Chrysophyceae,Ochromonadales,Ochromonadales_fa,NA,NA
Otu000557,Eukaryota,Ascomycota,Lecanoromycetes,NA,NA,NA,NA
Otu000558,Eukaryota,NA,NA,NA,NA,NA,NA
Otu000559,Eukaryota,Ciliophora,Intramacronucleata,Conthreep,NA,NA,NA
Otu000560,Eukaryota,Ochrophyta,Chrysophyceae,Ochromonadales,Ochromonadales_fa,Paraphysomonas,NA
Otu000561,Eukaryota,Basidiomycota,NA,NA,NA,NA,NA
Otu000562,Eukaryota,Ochrophyta,Diatomea,Bacillariophytina,Bacillariophyceae,Navicula,NA
Otu000563,Eukaryota,Cercozoa,NA,NA,NA,NA,NA
Otu000564,Eukaryota,Ciliophora,Intramacronucleata,Conthreep,Phyllopharyngea,NA,NA
Otu000565,Eukaryota,Incertae_Sedis,Incertae_Sedis_cl,Incertae_Sedis_or,Incertae_Sedis_fa,Blastocystis,NA
Otu000566,Eukaryota,Ascomycota,Dothideomycetes,Capnodiales,Cladosporiaceae,Toxicocladosporium,NA
Otu000567,Eukaryota,Chytridiomycota,Incertae_Sedis,NA,NA,NA,NA
Otu000568,Eukaryota,NA,NA,NA,NA,NA,NA
Otu000569,Eukaryota,Cercozoa,Glissomonadida,NA,NA,NA,NA
Otu000570,Eukaryota,Ascomycota,Dothideomycetes,Capnodiales,Mycosphaerellaceae,Ramularia,NA
Otu000571,Eukaryota,Cryptomycota,NA,NA,NA,NA,NA
Otu000572,Eukaryota,Ciliophora,Intramacronucleata,Conthreep,Oligohymenophorea,Stokesia,NA
Otu000573,Eukaryota,Ciliophora,Intramacronucleata,Conthreep,Phyllopharyngea,NA,NA
Otu000574,Eukaryota,Basidiomycota,Agaricomycetes,NA,NA,NA,NA
Otu000575,Eukaryota,Ciliophora,Intramacronucleata,Spirotrichea,Choreotrichia,Pelagostrobilidium,NA
Otu000576,Eukaryota,Ciliophora,Intramacronucleata,Spirotrichea,Euplotia,Aspidisca,NA
Otu000577,Eukaryota,Ascomycota,Lecanoromycetes,NA,NA,NA,NA
Otu000578,Eukaryota,Peronosporomycetes,Peronosporomycetes_cl,Peronosporomycetes_or,Peronosporomycetes_fa,NA,NA
Otu000579,Eukaryota,Basidiomycota,Cystobasidiomycetes,Incertae_Sedis,Incertae_Sedis,Symmetrospora,NA
Otu000580,Eukaryota,NA,NA,NA,NA,NA,NA
Otu000581,Eukaryota,NA,NA,NA,NA,NA,NA
Otu000582,Eukaryota,NA,NA,NA,NA,NA,NA
Otu000583,Eukaryota,Cercozoa,Glissomonadida,NA,NA,NA,NA
Otu000584,Eukaryota,Phragmoplastophyta,Embryophyta,Liliopsida,Poales_fa,NA,NA
Otu000585,Eukaryota,Ciliophora,Intramacronucleata,Conthreep,Oligohymenophorea,Vorticella,NA
Otu000586,Eukaryota,Ascomycota,Eurotiomycetes,Eurotiales,Aspergillaceae,NA,NA
Otu000587,Eukaryota,NA,NA,NA,NA,NA,NA
Otu000588,Eukaryota,Porifera,Demospongiae,Spongillida,NA,NA,NA
Otu000589,Eukaryota,Ciliophora,Intramacronucleata,Spirotrichea,Euplotia,Aspidisca,NA
Otu000590,Eukaryota,Ochrophyta,Chrysophyceae,Chrysocapsales,Chrysocapsales_fa,Hydrurus,NA
Otu000591,Eukaryota,Arthropoda,Insecta,NA,NA,NA,NA
Otu000592,Eukaryota,Ciliophora,Intramacronucleata,Conthreep,Oligohymenophorea,Stokesia,NA
Otu000593,Eukaryota,Phragmoplastophyta,Embryophyta,Liliopsida,Asparagales_fa,Allium,NA
Otu000594,Eukaryota,Basidiomycota,Agaricomycetes,Trechisporales,Hydnodontaceae,Trechispora,NA
Otu000595,Eukaryota,Ciliophora,Intramacronucleata,Conthreep,Oligohymenophorea,Cyclidium,NA
Otu000596,Eukaryota,Chytridiomycota,Incertae_Sedis,Rhizophydiales,NA,NA,NA
Otu000597,Eukaryota,NA,NA,NA,NA,NA,NA
Otu000598,Eukaryota,Ascomycota,Saccharomycetes,Saccharomycetales,Saccharomycetaceae,Saccharomyces,NA
Otu000599,Eukaryota,Cercozoa,Glissomonadida,NA,NA,NA,NA
Otu000600,Eukaryota,Nematoda,Chromadorea,Monhysterida,NA,NA,NA
Otu000601,Eukaryota,Cercozoa,NA,NA,NA,NA,NA
Otu000602,Eukaryota,Ascomycota,Dothideomycetes,Pleosporales,NA,NA,NA
Otu000603,Eukaryota,NA,NA,NA,NA,NA,NA
Otu000604,Eukaryota,Ciliophora,Intramacronucleata,Spirotrichea,Euplotia,Aspidisca,NA
Otu000605,Eukaryota,Ascomycota,Dothideomycetes,Dothideales,Aureobasidiaceae,Aureobasidium,NA
Otu000606,Eukaryota,Ciliophora,Intramacronucleata,Conthreep,Oligohymenophorea,Pseudocohnilembus,NA
Otu000607,Eukaryota,Basidiomycota,Agaricomycetes,NA,NA,NA,NA
Otu000608,Eukaryota,Cercozoa,Glissomonadida,NA,NA,NA,NA
Otu000609,Eukaryota,Ciliophora,Intramacronucleata,Conthreep,Oligohymenophorea,Stokesia,NA
Otu000610,Eukaryota,Basidiomycota,Agaricomycetes,Agaricales,NA,NA,NA
Otu000611,Eukaryota,Phragmoplastophyta,Embryophyta,Ericales,Ericales_fa,Camellia,NA
Otu000612,Eukaryota,Chlorophyta_ph,Trebouxiophyceae,Incertae_Sedis,Incertae_Sedis_fa,Coccomyxa,NA
Otu000613,Eukaryota,Ascomycota,Dothideomycetes,Pleosporales,Didymellaceae,Phoma,NA
Otu000614,Eukaryota,Porifera,Demospongiae,Spongillida,NA,NA,NA
Otu000615,Eukaryota,Ciliophora,Intramacronucleata,Conthreep,Nassophorea,Colpodidium,NA
Otu000616,Eukaryota,Peronosporomycetes,Peronosporomycetes_cl,Peronosporomycetes_or,Peronosporomycetes_fa,Pythium,NA
Otu000617,Eukaryota,Basidiomycota,Agaricomycetes,Corticiales,Corticiaceae,Phlebia,NA
Otu000618,Eukaryota,Ciliophora,Intramacronucleata,Conthreep,Oligohymenophorea,Stokesia,NA
Otu000619,Eukaryota,Ciliophora,Intramacronucleata,Spirotrichea,Choreotrichia,Pelagostrobilidium,NA
Otu000620,Eukaryota,Ciliophora,Intramacronucleata,Conthreep,Oligohymenophorea,Carchesium,NA
Otu000621,Eukaryota,Basidiomycota,Tremellomycetes,Filobasidiales,Piskurozymaceae,Piskurozyma,NA
Otu000622,Eukaryota,Ochrophyta,Chrysophyceae,Chrysocapsales,Chrysocapsales_fa,Hydrurus,NA
Otu000623,Eukaryota,Cryptomycota,NA,NA,NA,NA,NA
Otu000624,Eukaryota,Tubulinea,Arcellinida,Echinamoebida,Echinamoebida_fa,Vermamoeba,NA
Otu000625,Eukaryota,NA,NA,NA,NA,NA,NA
Otu000626,Eukaryota,Cryptomycota,NA,NA,NA,NA,NA
Otu000627,Eukaryota,Ochrophyta,Chrysophyceae,Chromulinales,Chromulinales_fa,Uroglena,NA
Otu000628,Eukaryota,Phragmoplastophyta,Embryophyta,Liliopsida,Poales_fa,NA,NA
Otu000629,Eukaryota,Ciliophora,Intramacronucleata,Conthreep,Oligohymenophorea,Ophryoglena,NA
Otu000630,Eukaryota,Ciliophora,Intramacronucleata,Conthreep,Oligohymenophorea,Vorticella,NA
Otu000631,Eukaryota,Ciliophora,Intramacronucleata,Litostomatea,Haptoria,Hemiophrys,NA
Otu000632,Eukaryota,Ascomycota,Eurotiomycetes,Eurotiales,Aspergillaceae,Aspergillus,NA
Otu000633,Eukaryota,Ascomycota,Leotiomycetes,Helotiales,Sclerotiniaceae,Sclerotinia,NA
Otu000634,Eukaryota,Ascomycota,Dothideomycetes,Incertae_Sedis,Incertae_Sedis,NA,NA
Otu000635,Eukaryota,NA,NA,NA,NA,NA,NA
Otu000636,Eukaryota,Choanoflagellida,Craspedida,Codonosigidae,Codonosigidae_fa,Proterospongia,NA
Otu000637,Eukaryota,Basidiomycota,Tremellomycetes,Cystofilobasidiales,Mrakiaceae,Itersonilia,NA
Otu000638,Eukaryota,Phragmoplastophyta,Embryophyta,Marchantiales,Marchantiales_fa,Marchantia,NA
Otu000639,Eukaryota,Ciliophora,Intramacronucleata,Conthreep,Oligohymenophorea,Tetrahymena,NA
Otu000640,Eukaryota,Ochrophyta,Chrysophyceae,NA,NA,NA,NA
Otu000641,Eukaryota,Ciliophora,Intramacronucleata,Litostomatea,Haptoria,Arcuospathidium,NA
Otu000642,Eukaryota,Cercozoa,Glissomonadida,NA,NA,NA,NA
Otu000643,Eukaryota,NA,NA,NA,NA,NA,NA
Otu000644,Eukaryota,Ciliophora,Intramacronucleata,Conthreep,Oligohymenophorea,Tetrahymena,NA
Otu000645,Eukaryota,NA,NA,NA,NA,NA,NA
Otu000646,Eukaryota,Cercozoa,Imbricatea,Marimonadida,Marimonadida_fa,Pseudopirsonia,NA
Otu000647,Eukaryota,Cercozoa,Cercomonadidae,Cercomonadidae_or,Cercomonadidae_fa,Cercomonas,NA
Otu000648,Eukaryota,Cercozoa,Phytomyxea,Phytomyxea_or,Phytomyxea_fa,Plasmodiophora,NA
Otu000649,Eukaryota,Ochrophyta,Diatomea,Bacillariophytina,Bacillariophyceae,Diatoma,NA
Otu000650,Eukaryota,Ciliophora,Intramacronucleata,Litostomatea,Haptoria,Litonotus,NA
Otu000651,Eukaryota,Basidiomycota,Tremellomycetes,Tremellales,Bulleribasidiaceae,Vishniacozyma,NA
Otu000652,Eukaryota,Ochrophyta,Chrysophyceae,Chromulinales,Chromulinales_fa,Pedospumella,NA
Otu000653,Eukaryota,Cercozoa,Thecofilosea,Cryomonadida,Rhizaspididae,Rhogostoma,NA
Otu000654,Eukaryota,Chytridiomycota,Incertae_Sedis,NA,NA,NA,NA
Otu000655,Eukaryota,Chytridiomycota,Incertae_Sedis,Rhizophydiales,NA,NA,NA
Otu000656,Eukaryota,Ciliophora,Intramacronucleata,Spirotrichea,Euplotia,Aspidisca,NA
Otu000657,Eukaryota,NA,NA,NA,NA,NA,NA
Otu000658,Eukaryota,Ciliophora,Intramacronucleata,Spirotrichea,Oligotrichia,Spirostrombidium,NA
Otu000659,Eukaryota,Ciliophora,Intramacronucleata,Spirotrichea,Oligotrichia,Spirostrombidium,NA
Otu000660,Eukaryota,Ascomycota,Eurotiomycetes,Eurotiales,Aspergillaceae,Aspergillus,NA
Otu000661,Eukaryota,Ascomycota,Dothideomycetes,Pleosporales,Didymellaceae,Phoma,NA
Otu000662,Eukaryota,Chlorophyta_ph,Trebouxiophyceae,Microthamniales,Microthamniales_fa,Friedmannia,NA
Otu000663,Eukaryota,Ciliophora,Intramacronucleata,Conthreep,Oligohymenophorea,Pseudocohnilembus,NA
Otu000664,Eukaryota,Chytridiomycota,Incertae_Sedis,Rhizophydiales,NA,NA,NA
Otu000665,Eukaryota,Ciliophora,Intramacronucleata,Conthreep,Oligohymenophorea,Zoothamnium,NA
Otu000666,Eukaryota,Ciliophora,Intramacronucleata,Conthreep,NA,NA,NA
Otu000667,Eukaryota,Chytridiomycota,Incertae_Sedis,Rhizophydiales,NA,NA,NA
Otu000668,Eukaryota,Cercozoa,Glissomonadida,NA,NA,NA,NA
Otu000669,Eukaryota,Ascomycota,Saccharomycetes,Saccharomycetales,Metschnikowiaceae,Clavispora-Candida_clade,NA
Otu000670,Eukaryota,NA,NA,NA,NA,NA,NA
Otu000671,Eukaryota,Phragmoplastophyta,Embryophyta,Malvales,Malvales_fa,Gossypium,NA
Otu000672,Eukaryota,Basidiomycota,Agaricomycetes,NA,NA,NA,NA
Otu000673,Eukaryota,Phragmoplastophyta,Embryophyta,NA,NA,NA,NA
Otu000674,Eukaryota,NA,NA,NA,NA,NA,NA
Otu000675,Eukaryota,Phragmoplastophyta,Embryophyta,Rosales,Rosales_fa,Morus,NA
Otu000676,Eukaryota,Basidiomycota,Tremellomycetes,Cystofilobasidiales,Mrakiaceae,Itersonilia,NA
Otu000677,Eukaryota,NA,NA,NA,NA,NA,NA
Otu000678,Eukaryota,Basidiomycota,Tremellomycetes,Filobasidiales,Filobasidiaceae,NA,NA
Otu000679,Eukaryota,Basidiomycota,Tremellomycetes,Filobasidiales,Filobasidiaceae,Naganishia,NA
Otu000680,Eukaryota,Phragmoplastophyta,Embryophyta,Malvales,Malvales_fa,Gossypium,NA
Otu000681,Eukaryota,Ascomycota,Dothideomycetes,Capnodiales,NA,NA,NA
Otu000682,Eukaryota,Basidiomycota,Tremellomycetes,Tremellales,NA,NA,NA
Otu000683,Eukaryota,Basidiomycota,Exobasidiomycetes,Exobasidiales,Brachybasidiaceae,Meira,NA
Otu000684,Eukaryota,Cercozoa,Glissomonadida,NA,NA,NA,NA
Otu000685,Eukaryota,Ochrophyta,Chrysophyceae,Chromulinales,Chromulinales_fa,Poterioochromonas,NA
Otu000686,Eukaryota,Basidiomycota,Agaricomycetes,Russulales,NA,NA,NA
Otu000687,Eukaryota,Ochrophyta,Diatomea,Bacillariophytina,Bacillariophyceae,Diatoma,NA
Otu000688,Eukaryota,Ochrophyta,Dictyochophyceae,Pedinellales,NA,NA,NA
Otu000689,Eukaryota,Basidiomycota,Exobasidiomycetes,Microstromatales,NA,NA,NA
Otu000690,Eukaryota,MAST-6,NA,NA,NA,NA,NA
Otu000691,Eukaryota,Ciliophora,Intramacronucleata,Conthreep,Oligohymenophorea,Epistylis,NA
Otu000692,Eukaryota,Ciliophora,Intramacronucleata,Conthreep,Phyllopharyngea,NA,NA
Otu000693,Eukaryota,Cercozoa,NA,NA,NA,NA,NA
Otu000694,Eukaryota,Chytridiomycota,Incertae_Sedis,Rhizophydiales,NA,NA,NA
Otu000695,Eukaryota,Ascomycota,Leotiomycetes,Helotiales,NA,NA,NA
Otu000696,Eukaryota,Cercozoa,NA,NA,NA,NA,NA
Otu000697,Eukaryota,Phragmoplastophyta,Embryophyta,NA,NA,NA,NA
Otu000698,Eukaryota,Ciliophora,Intramacronucleata,Conthreep,Prostomatea,Cryptocaryon,NA
Otu000699,Eukaryota,NA,NA,NA,NA,NA,NA
Otu000700,Eukaryota,Ochrophyta,Chrysophyceae,Ochromonadales,Ochromonadales_fa,Paraphysomonas,NA
Otu000701,Eukaryota,Ciliophora,Intramacronucleata,Conthreep,Oligohymenophorea,Telotrochidium,NA
Otu000702,Eukaryota,Cercozoa,Glissomonadida,NA,NA,NA,NA
Otu000703,Eukaryota,Ascomycota,Leotiomycetes,Helotiales,Incertae_Sedis,Tetracladium,NA
Otu000704,Eukaryota,Ochrophyta,Chrysophyceae,Ochromonadales,Ochromonadales_fa,Ochromonas,NA
Otu000705,Eukaryota,Phragmoplastophyta,Embryophyta,Malvales,Malvales_fa,Gossypium,NA
Otu000706,Eukaryota,Basidiomycota,Microbotryomycetes,Kriegeriales,NA,NA,NA
Otu000707,Eukaryota,NA,NA,NA,NA,NA,NA
Otu000708,Eukaryota,NA,NA,NA,NA,NA,NA
Otu000709,Eukaryota,Ochrophyta,Chrysophyceae,Chromulinales,Chromulinales_fa,Spumella,NA
Otu000710,Eukaryota,Phragmoplastophyta,Embryophyta,Ranunculales,Ranunculales_fa,NA,NA
Otu000711,Eukaryota,Ciliophora,Intramacronucleata,Conthreep,Oligohymenophorea,Telotrochidium,NA
Otu000712,Eukaryota,Ascomycota,Dothideomycetes,Capnodiales,Mycosphaerellaceae,NA,NA
Otu000713,Eukaryota,Ascomycota,Eurotiomycetes,Eurotiales,Aspergillaceae,NA,NA
Otu000714,Eukaryota,Basidiomycota,Tremellomycetes,Tremellales,Bulleribasidiaceae,Vishniacozyma,NA
Otu000715,Eukaryota,Ochrophyta,Diatomea,Bacillariophytina,Mediophyceae,Cyclotella,NA
Otu000716,Eukaryota,Basidiomycota,Tremellomycetes,Tremellales,NA,NA,NA
Otu000717,Eukaryota,Ciliophora,Intramacronucleata,Spirotrichea,Euplotia,Aspidisca,NA
Otu000718,Eukaryota,Chytridiomycota,Incertae_Sedis,NA,NA,NA,NA
Otu000719,Eukaryota,Cryptomycota,NA,NA,NA,NA,NA
Otu000720,Eukaryota,Ciliophora,Intramacronucleata,Spirotrichea,Choreotrichia,Tintinnidium,NA
Otu000721,Eukaryota,Phragmoplastophyta,Embryophyta,Malvales,Malvales_fa,Gossypium,NA
Otu000722,Eukaryota,Basidiomycota,Tremellomycetes,Tremellales,Bulleribasidiaceae,Vishniacozyma,NA
Otu000723,Eukaryota,Arthropoda,Insecta,Diptera,NA,NA,NA
Otu000724,Eukaryota,Basidiomycota,Exobasidiomycetes,Exobasidiales,Exobasidiaceae,Exobasidium,NA
Otu000725,Eukaryota,Vertebrata,Aves,NA,NA,NA,NA
Otu000726,Eukaryota,Ochrophyta,Chrysophyceae,Chromulinales,Chromulinales_fa,Uroglena,NA
Otu000727,Eukaryota,Cryptomycota,NA,NA,NA,NA,NA
Otu000728,Eukaryota,Ciliophora,Intramacronucleata,Spirotrichea,NA,NA,NA
Otu000729,Eukaryota,Basidiomycota,Pucciniomycetes,Pucciniales,Melampsoraceae,Melampsora,NA
Otu000730,Eukaryota,Ascomycota,Leotiomycetes,Helotiales,NA,NA,NA
Otu000731,Eukaryota,NA,NA,NA,NA,NA,NA
Otu000732,Eukaryota,Ochrophyta,Chrysophyceae,NA,NA,NA,NA
Otu000733,Eukaryota,Ciliophora,Intramacronucleata,Conthreep,Oligohymenophorea,Cyclidium,NA
Otu000734,Eukaryota,Chlorophyta_ph,NA,NA,NA,NA,NA
Otu000735,Eukaryota,Chytridiomycota,Incertae_Sedis,Rhizophydiales,NA,NA,NA
Otu000736,Eukaryota,Basidiomycota,Exobasidiomycetes,Georgefischeriales,Tilletiariaceae,NA,NA
Otu000737,Eukaryota,Ciliophora,Intramacronucleata,Conthreep,Oligohymenophorea,Vorticella,NA
Otu000738,Eukaryota,Chytridiomycota,Incertae_Sedis,Rhizophydiales,NA,NA,NA
Otu000739,Eukaryota,NA,NA,NA,NA,NA,NA
Otu000740,Eukaryota,Ciliophora,Intramacronucleata,Conthreep,Oligohymenophorea,Stokesia,NA
Otu000741,Eukaryota,Basidiomycota,Agaricomycetes,NA,NA,NA,NA
Otu000742,Eukaryota,NA,NA,NA,NA,NA,NA
Otu000743,Eukaryota,Ciliophora,Intramacronucleata,Spirotrichea,NA,NA,NA
Otu000744,Eukaryota,NA,NA,NA,NA,NA,NA
Otu000745,Eukaryota,NA,NA,NA,NA,NA,NA
Otu000746,Eukaryota,Ciliophora,Intramacronucleata,Conthreep,Oligohymenophorea,Bromeliophrya,NA
Otu000747,Eukaryota,Cercozoa,Phytomyxea,Phytomyxea_or,Phytomyxea_fa,Plasmodiophora,NA
Otu000748,Eukaryota,Ascomycota,Dothideomycetes,Capnodiales,Mycosphaerellaceae,NA,NA
Otu000749,Eukaryota,Ochrophyta,Chrysophyceae,Chrysocapsales,Chrysocapsales_fa,NA,NA
Otu000750,Eukaryota,Phragmoplastophyta,Embryophyta,Liliopsida,Zingiberales_fa,Musa,NA
Otu000751,Eukaryota,Basidiomycota,Agaricomycetes,Polyporales,Incertae_Sedis,Trametes,NA
Otu000752,Eukaryota,Ascomycota,Eurotiomycetes,Chaetothyriales,Herpotrichiellaceae,Exophiala,NA
Otu000753,Eukaryota,NA,NA,NA,NA,NA,NA
Otu000754,Eukaryota,Ciliophora,Intramacronucleata,Conthreep,Oligohymenophorea,Vorticella,NA
Otu000755,Eukaryota,Cercozoa,Glissomonadida,NA,NA,NA,NA
Otu000756,Eukaryota,Phragmoplastophyta,Embryophyta,NA,NA,NA,NA
Otu000757,Eukaryota,NA,NA,NA,NA,NA,NA
Otu000758,Eukaryota,Ciliophora,Intramacronucleata,Litostomatea,Haptoria,Loxophyllum,NA
Otu000759,Eukaryota,Phragmoplastophyta,Embryophyta,Cupressales,Cupressales_fa,Taiwania,NA
Otu000760,Eukaryota,Ochrophyta,Diatomea,Bacillariophytina,Bacillariophyceae,Diatoma,NA
Otu000761,Eukaryota,Ciliophora,Intramacronucleata,Conthreep,Oligohymenophorea,Carchesium,NA
Otu000762,Eukaryota,Ciliophora,Intramacronucleata,Conthreep,Oligohymenophorea,Stokesia,NA
Otu000763,Eukaryota,Phragmoplastophyta,Embryophyta,Caryophyllales,Caryophyllales_fa,Rumex,NA
Otu000764,Eukaryota,Chlorophyta_ph,Trebouxiophyceae,Trebouxiales,Trebouxiales_fa,Trebouxia,NA
Otu000765,Eukaryota,Cercozoa,Glissomonadida,NA,NA,NA,NA
Otu000766,Eukaryota,Cercozoa,NA,NA,NA,NA,NA
Otu000767,Eukaryota,Phragmoplastophyta,Embryophyta,Solanales,Solanales_fa,NA,NA
Otu000768,Eukaryota,Ochrophyta,Chrysophyceae,Chrysocapsales,Chrysocapsales_fa,Hydrurus,NA
Otu000769,Eukaryota,Ochrophyta,Dictyochophyceae,Pedinellales,Pedinellales_fa,NA,NA
Otu000770,Eukaryota,NA,NA,NA,NA,NA,NA
Otu000771,Eukaryota,Vertebrata,Lepidosauria,NA,NA,NA,NA
Otu000772,Eukaryota,Phragmoplastophyta,Embryophyta,NA,NA,NA,NA
Otu000773,Eukaryota,Ascomycota,Eurotiomycetes,Chaetothyriales,Trichomeriaceae,Bradymyces,NA
Otu000774,Eukaryota,NA,NA,NA,NA,NA,NA
Otu000775,Eukaryota,Ciliophora,Intramacronucleata,Conthreep,Oligohymenophorea,Telotrochidium,NA
Otu000776,Eukaryota,Ascomycota,Dothideomycetes,Capnodiales,Mycosphaerellaceae,NA,NA
Otu000777,Eukaryota,Rotifera,Monogononta,Ploimida,NA,NA,NA
Otu000778,Eukaryota,NA,NA,NA,NA,NA,NA
Otu000779,Eukaryota,Ciliophora,Intramacronucleata,Spirotrichea,Euplotia,Aspidisca,NA
Otu000780,Eukaryota,Basidiomycota,Ustilaginomycetes,Ustilaginales,Ustilaginaceae,Sporisorium,NA
Otu000781,Eukaryota,NA,NA,NA,NA,NA,NA
Otu000782,Eukaryota,Cnidaria,Hydrozoa,Leptothecata,NA,NA,NA
Otu000783,Eukaryota,Protalveolata,Perkinsidae,A31,NA,NA,NA
Otu000784,Eukaryota,Ciliophora,Intramacronucleata,Spirotrichea,Euplotia,Aspidisca,NA
Otu000785,Eukaryota,Chlorophyta_ph,Trebouxiophyceae,NA,NA,NA,NA
Otu000786,Eukaryota,Ciliophora,Intramacronucleata,Conthreep,Oligohymenophorea,Stokesia,NA
Otu000787,Eukaryota,Ascomycota,Eurotiomycetes,Eurotiales,Aspergillaceae,NA,NA
Otu000788,Eukaryota,NA,NA,NA,NA,NA,NA
Otu000789,Eukaryota,Incertae_Sedis,NA,NA,NA,NA,NA
Otu000790,Eukaryota,NA,NA,NA,NA,NA,NA
Otu000791,Eukaryota,Ciliophora,Intramacronucleata,Conthreep,Oligohymenophorea,Carchesium,NA
Otu000792,Eukaryota,Ciliophora,Intramacronucleata,Conthreep,Phyllopharyngea,NA,NA
Otu000793,Eukaryota,NA,NA,NA,NA,NA,NA
Otu000794,Eukaryota,Ciliophora,Intramacronucleata,Conthreep,Oligohymenophorea,NA,NA
Otu000795,Eukaryota,Ochrophyta,Dictyochophyceae,Pedinellales,Pedinellales_fa,Pteridomonas,NA
Otu000796,Eukaryota,Ochrophyta,Diatomea,Coscinodiscophytina,Fragilariales,NA,NA
Otu000797,Eukaryota,Ascomycota,Taphrinomycetes,Taphrinales,Taphrinaceae,Taphrina,NA
Otu000798,Eukaryota,Ciliophora,Intramacronucleata,Armophorea,Armophorida,Metopus,NA
Otu000799,Eukaryota,Chlorophyta_ph,Chlorophyceae,Sphaeropleales,Sphaeropleales_fa,Desmodesmus,NA
Otu000800,Eukaryota,Protalveolata,Perkinsidae,Perkinsidae_or,Perkinsidae_fa,Parvilucifera,NA
Otu000801,Eukaryota,Chlorophyta_ph,Trebouxiophyceae,NA,NA,NA,NA
Otu000802,Eukaryota,Rotifera,Monogononta,Ploimida,NA,NA,NA
Otu000803,Eukaryota,Basidiomycota,Agaricomycetes,NA,NA,NA,NA
Otu000804,Eukaryota,Ochrophyta,Chrysophyceae,Chromulinales,Chromulinales_fa,Uroglena,NA
Otu000805,Eukaryota,Chytridiomycota,Incertae_Sedis,Rhizophydiales,NA,NA,NA
Otu000806,Eukaryota,Vertebrata,Lepidosauria,NA,NA,NA,NA
Otu000807,Eukaryota,Ochrophyta,Chrysophyceae,NA,NA,NA,NA
Otu000808,Eukaryota,Ciliophora,Intramacronucleata,Conthreep,Oligohymenophorea,Cothurnia,NA
Otu000809,Eukaryota,Phragmoplastophyta,Embryophyta,Fabales,Fabales_fa,Glycine,NA
Otu000810,Eukaryota,NA,NA,NA,NA,NA,NA
Otu000811,Eukaryota,Ascomycota,Dothideomycetes,Pleosporales,NA,NA,NA
Otu000812,Eukaryota,Ochrophyta,Diatomea,Coscinodiscophytina,Fragilariales,Licmophora,NA
Otu000813,Eukaryota,Ciliophora,Intramacronucleata,Litostomatea,Haptoria,Arcuospathidium,NA
Otu000814,Eukaryota,Dinoflagellata,Dinophyceae,Peridiniphycidae,Thoracosphaeraceae,Cryptoperidiniopsis,NA
Otu000815,Eukaryota,Chytridiomycota,Incertae_Sedis,NA,NA,NA,NA
Otu000816,Eukaryota,Ochrophyta,Chrysophyceae,Chromulinales,Chromulinales_fa,Spumella,NA
Otu000817,Eukaryota,Basidiomycota,Agaricomycetes,Trechisporales,Hydnodontaceae,Trechispora,NA
Otu000818,Eukaryota,Ascomycota,Dothideomycetes,Pleosporales,Leptosphaeriaceae,Leptosphaeria,NA
Otu000819,Eukaryota,Ascomycota,Dothideomycetes,Pleosporales,Torulaceae,Torula,NA
Otu000820,Eukaryota,Chlorophyta_ph,Trebouxiophyceae,Chlorellales,Chlorellales_fa,Chloroidium,NA
Otu000821,Eukaryota,Chytridiomycota,Incertae_Sedis,Rhizophydiales,Rhizophydiaceae,Rhizophydium,NA
Otu000822,Eukaryota,Ochrophyta,Diatomea,Bacillariophytina,Bacillariophyceae,Gomphonema,NA
Otu000823,Eukaryota,Ascomycota,Dothideomycetes,Capnodiales,Mycosphaerellaceae,NA,NA
Otu000824,Eukaryota,NA,NA,NA,NA,NA,NA
Otu000825,Eukaryota,Ciliophora,Intramacronucleata,Conthreep,Phyllopharyngea,NA,NA
Otu000826,Eukaryota,NA,NA,NA,NA,NA,NA
Otu000827,Eukaryota,Cercozoa,NA,NA,NA,NA,NA
Otu000828,Eukaryota,Chytridiomycota,Incertae_Sedis,Chytridiales,Chytriomycetaceae,NA,NA
Otu000829,Eukaryota,Ciliophora,Intramacronucleata,Litostomatea,Haptoria,NA,NA
Otu000830,Eukaryota,Choanoflagellida,Craspedida,Salpingoecidae,Salpingoecidae_fa,Salpingoeca,NA
Otu000831,Eukaryota,Euglenozoa,Kinetoplastea,Metakinetoplastina,Neobodonida,Neobodo,NA
Otu000832,Eukaryota,Vertebrata,Actinopterygii,NA,NA,NA,NA
Otu000833,Eukaryota,Ochrophyta,Chrysophyceae,Chromulinales,Chromulinales_fa,Chrysamoeba,NA
Otu000834,Eukaryota,NA,NA,NA,NA,NA,NA
Otu000835,Eukaryota,Protalveolata,Perkinsidae,A31,NA,NA,NA
Otu000836,Eukaryota,Ciliophora,Intramacronucleata,Spirotrichea,Choreotrichia,Tintinnopsis,NA
Otu000837,Eukaryota,NA,NA,NA,NA,NA,NA
Otu000838,Eukaryota,Ochrophyta,Chrysophyceae,Synurales,Synurales_fa,Synura,NA
Otu000839,Eukaryota,Basidiomycota,Agaricomycetes,Agaricales,Tricholomataceae,Tricholoma,NA
Otu000840,Eukaryota,Vertebrata,Actinopterygii,NA,NA,NA,NA
Otu000841,Eukaryota,Basidiomycota,Microbotryomycetes,Sporidiobolales,Sporidiobolaceae,Rhodosporidiobolus,NA
Otu000842,Eukaryota,Ascomycota,Saccharomycetes,Saccharomycetales,Saccharomycodaceae,Hanseniaspora,NA
Otu000843,Eukaryota,Chytridiomycota,Incertae_Sedis,Rhizophydiales,NA,NA,NA
Otu000844,Eukaryota,Ochrophyta,Chrysophyceae,NA,NA,NA,NA
Otu000845,Eukaryota,Incertae_Sedis,Incertae_Sedis_cl,Incertae_Sedis_or,Incertae_Sedis_fa,Blastocystis,NA
Otu000846,Eukaryota,Phragmoplastophyta,Embryophyta,Liliopsida,Asparagales_fa,Allium,NA
Otu000847,Eukaryota,Ciliophora,Intramacronucleata,Litostomatea,Haptoria,Litonotus,NA
Otu000848,Eukaryota,Bicosoecida,Bicosoecida_cl,Bicosoecida_or,Bicosoecida_fa,Bicosoeca,NA
Otu000849,Eukaryota,NA,NA,NA,NA,NA,NA
Otu000850,Eukaryota,Chytridiomycota,Incertae_Sedis,Lobulomycetales,Lobulomycetaceae,Lobulomyces,NA
Otu000851,Eukaryota,Cryptomonadales,Cryptomonadales_cl,Cryptomonadales_or,Cryptomonadales_fa,Cryptomonas,NA
Otu000852,Eukaryota,Ciliophora,Intramacronucleata,Conthreep,Phyllopharyngea,Tokophrya,NA
Otu000853,Eukaryota,NA,NA,NA,NA,NA,NA
Otu000854,Eukaryota,NA,NA,NA,NA,NA,NA
Otu000855,Eukaryota,Ochrophyta,Dictyochophyceae,Pedinellales,Pedinellales_fa,NA,NA
Otu000856,Eukaryota,Basidiomycota,Tremellomycetes,Tremellales,Bulleribasidiaceae,Vishniacozyma,NA
Otu000857,Eukaryota,Annelida,Clitellata,Haplotaxida,NA,NA,NA
Otu000858,Eukaryota,NA,NA,NA,NA,NA,NA
Otu000859,Eukaryota,Ochrophyta,Diatomea,Bacillariophytina,Bacillariophyceae,NA,NA
Otu000860,Eukaryota,NA,NA,NA,NA,NA,NA
Otu000861,Eukaryota,Porifera,Demospongiae,Spongillida,NA,NA,NA
Otu000862,Eukaryota,Ochrophyta,Dictyochophyceae,Pedinellales,Pedinellales_fa,NA,NA
Otu000863,Eukaryota,Phragmoplastophyta,Embryophyta,NA,NA,NA,NA
Otu000864,Eukaryota,Cercozoa,Glissomonadida,NA,NA,NA,NA
Otu000865,Eukaryota,Phragmoplastophyta,Embryophyta,NA,NA,NA,NA
Otu000866,Eukaryota,Phragmoplastophyta,Embryophyta,NA,NA,NA,NA
Otu000867,Eukaryota,NA,NA,NA,NA,NA,NA
Otu000868,Eukaryota,Ochrophyta,Diatomea,Coscinodiscophytina,Fragilariales,NA,NA
Otu000869,Eukaryota,Basidiomycota,Tremellomycetes,Tremellales,Bulleribasidiaceae,Vishniacozyma,NA
Otu000870,Eukaryota,Ciliophora,Intramacronucleata,Spirotrichea,Choreotrichia,Tintinnidium,NA
